Datum;TN;TX;UX;UN
1-1-2010;-101;1;97;77
2-1-2010;-98;4;99;93
3-1-2010;-131;-33;99;94
4-1-2010;-68;-12;100;96
5-1-2010;-47;9;100;93
6-1-2010;-106;-9;100;83
7-1-2010;-143;-28;99;84
8-1-2010;-105;-28;98;87
9-1-2010;-61;-8;97;85
10-1-2010;-10;4;98;90
11-1-2010;-23;3;92;76
12-1-2010;-57;-9;95;76
13-1-2010;-59;-19;91;69
14-1-2010;-67;28;99;84
15-1-2010;-10;17;99;85
16-1-2010;0;19;98;79
17-1-2010;5;49;99;94
18-1-2010;8;43;100;96
19-1-2010;9;43;100;98
20-1-2010;3;36;100;93
21-1-2010;-2;23;94;89
22-1-2010;-6;30;93;83
23-1-2010;-11;11;96;87
24-1-2010;-20;-10;97;89
25-1-2010;-108;-20;89;82
26-1-2010;-129;-59;90;72
27-1-2010;-124;41;98;72
28-1-2010;7;42;92;79
29-1-2010;-9;42;97;83
30-1-2010;-38;10;98;78
31-1-2010;-16;29;96;74
1-2-2010;-46;21;97;82
2-2-2010;-11;49;98;90
3-2-2010;-13;52;95;77
4-2-2010;11;71;98;92
5-2-2010;15;59;99;90
6-2-2010;6;50;100;97
7-2-2010;-14;14;99;90
8-2-2010;-56;-14;93;79
9-2-2010;-57;-14;84;69
10-2-2010;-65;-11;91;79
11-2-2010;-74;-11;87;71
12-2-2010;-99;3;93;73
13-2-2010;-36;1;87;67
14-2-2010;-49;-11;92;75
15-2-2010;-76;-18;88;71
16-2-2010;-46;15;92;68
17-2-2010;-52;17;88;64
18-2-2010;-1;50;99;86
19-2-2010;5;47;94;83
20-2-2010;-26;42;98;77
21-2-2010;-40;32;99;90
22-2-2010;12;49;99;92
23-2-2010;-1;29;96;81
24-2-2010;2;101;99;84
25-2-2010;65;92;97;89
26-2-2010;49;102;95;68
27-2-2010;34;91;95;71
28-2-2010;30;100;97;77
1-3-2010;-5;74;96;70
2-3-2010;-25;68;98;64
3-3-2010;-38;65;99;68
4-3-2010;-42;56;99;53
5-3-2010;-50;56;94;58
6-3-2010;-32;30;82;63
7-3-2010;-62;34;83;40
8-3-2010;-33;52;98;68
9-3-2010;-55;48;96;58
10-3-2010;-40;31;94;78
11-3-2010;-8;52;94;77
12-3-2010;25;65;94;67
13-3-2010;21;71;96;80
14-3-2010;40;86;94;75
15-3-2010;36;91;97;82
16-3-2010;7;91;95;73
17-3-2010;15;136;94;54
18-3-2010;19;164;92;43
19-3-2010;99;134;99;56
20-3-2010;113;145;98;90
21-3-2010;19;120;97;63
22-3-2010;5;124;98;59
23-3-2010;30;132;98;49
24-3-2010;79;173;82;53
25-3-2010;97;194;86;50
26-3-2010;79;126;90;67
27-3-2010;68;127;93;64
28-3-2010;48;110;96;70
29-3-2010;68;129;97;64
30-3-2010;55;156;94;70
31-3-2010;40;110;92;55
1-4-2010;28;80;93;61
2-4-2010;24;131;91;39
3-4-2010;53;106;95;77
4-4-2010;57;109;95;76
5-4-2010;11;106;97;58
6-4-2010;47;162;84;43
7-4-2010;69;190;83;45
8-4-2010;35;118;95;52
9-4-2010;40;139;94;62
10-4-2010;13;107;98;62
11-4-2010;18;109;96;62
12-4-2010;36;151;93;49
13-4-2010;37;147;93;47
14-4-2010;38;154;93;38
15-4-2010;19;148;87;42
16-4-2010;19;115;89;58
17-4-2010;-7;135;99;49
18-4-2010;2;157;98;36
19-4-2010;51;127;86;51
20-4-2010;52;121;80;51
21-4-2010;53;93;80;50
22-4-2010;5;107;87;43
23-4-2010;-13;136;96;36
24-4-2010;19;178;83;33
25-4-2010;38;235;88;26
26-4-2010;77;177;96;62
27-4-2010;51;180;98;40
28-4-2010;56;222;94;39
29-4-2010;101;249;94;37
30-4-2010;77;142;97;63
1-5-2010;59;135;96;70
2-5-2010;52;96;97;84
3-5-2010;54;76;95;82
4-5-2010;39;109;88;60
5-5-2010;37;132;91;53
6-5-2010;34;141;95;56
7-5-2010;58;93;97;76
8-5-2010;70;112;99;73
9-5-2010;33;112;96;69
10-5-2010;26;108;95;54
11-5-2010;46;121;92;49
12-5-2010;49;78;95;82
13-5-2010;62;103;95;71
14-5-2010;39;126;98;40
15-5-2010;26;144;95;54
16-5-2010;77;152;90;50
17-5-2010;77;151;96;62
18-5-2010;70;141;94;50
19-5-2010;84;157;88;48
20-5-2010;60;201;89;43
21-5-2010;77;187;95;59
22-5-2010;77;171;98;74
23-5-2010;85;223;99;58
24-5-2010;111;216;90;59
25-5-2010;63;165;97;50
26-5-2010;47;146;90;47
27-5-2010;69;153;94;55
28-5-2010;47;167;99;51
29-5-2010;48;211;96;38
30-5-2010;97;150;98;71
31-5-2010;84;172;97;63
1-6-2010;54;192;99;66
2-6-2010;74;204;97;54
3-6-2010;76;209;91;50
4-6-2010;68;213;97;50
5-6-2010;73;253;97;41
6-6-2010;118;264;99;44
7-6-2010;104;170;99;75
8-6-2010;114;240;99;55
9-6-2010;144;195;99;86
10-6-2010;152;219;99;84
11-6-2010;98;208;99;82
12-6-2010;79;179;99;58
13-6-2010;80;181;91;53
14-6-2010;104;205;95;53
15-6-2010;68;171;91;54
16-6-2010;59;220;95;50
17-6-2010;92;228;96;43
18-6-2010;103;156;93;64
19-6-2010;94;144;92;66
20-6-2010;103;132;89;67
21-6-2010;66;164;93;60
22-6-2010;39;191;98;50
23-6-2010;74;253;99;45
24-6-2010;101;264;99;45
25-6-2010;125;234;94;49
26-6-2010;99;244;96;47
27-6-2010;105;275;93;36
28-6-2010;128;284;96;41
29-6-2010;125;269;100;39
30-6-2010;130;247;99;65
1-7-2010;138;277;100;52
2-7-2010;191;345;84;32
3-7-2010;172;265;95;63
4-7-2010;139;270;97;48
5-7-2010;125;233;90;51
6-7-2010;101;210;89;50
7-7-2010;91;267;88;31
8-7-2010;154;267;98;45
9-7-2010;150;347;99;26
10-7-2010;169;309;99;42
11-7-2010;184;303;99;57
12-7-2010;158;262;97;65
13-7-2010;142;264;97;53
14-7-2010;175;295;98;42
15-7-2010;163;229;92;53
16-7-2010;152;247;97;51
17-7-2010;118;207;97;58
18-7-2010;104;238;99;43
19-7-2010;116;269;98;39
20-7-2010;138;301;99;36
21-7-2010;185;255;91;57
22-7-2010;133;228;96;56
23-7-2010;113;233;99;49
24-7-2010;101;196;94;49
25-7-2010;98;218;97;62
26-7-2010;154;203;98;74
27-7-2010;153;230;98;57
28-7-2010;162;214;99;66
29-7-2010;146;196;97;71
30-7-2010;130;216;97;55
31-7-2010;148;215;97;77
1-8-2010;135;226;97;59
2-8-2010;111;197;99;69
3-8-2010;110;210;99;61
4-8-2010;133;196;98;69
5-8-2010;96;198;97;65
6-8-2010;84;226;99;48
7-8-2010;136;208;98;67
8-8-2010;130;212;99;74
9-8-2010;117;224;98;53
10-8-2010;131;219;98;66
11-8-2010;99;207;98;54
12-8-2010;82;197;99;66
13-8-2010;96;208;99;55
14-8-2010;104;244;99;47
15-8-2010;152;212;99;67
16-8-2010;161;226;99;67
17-8-2010;151;180;99;87
18-8-2010;135;200;97;58
19-8-2010;134;212;97;54
20-8-2010;156;273;85;46
21-8-2010;170;254;95;68
22-8-2010;164;230;99;74
23-8-2010;165;213;99;70
24-8-2010;107;198;99;55
25-8-2010;123;195;98;63
26-8-2010;134;168;99;97
27-8-2010;125;167;99;72
28-8-2010;99;168;95;73
29-8-2010;98;163;98;76
30-8-2010;109;186;96;63
31-8-2010;76;176;99;65
1-9-2010;60;182;99;62
2-9-2010;67;171;100;78
3-9-2010;73;191;99;66
4-9-2010;67;182;99;61
5-9-2010;59;189;98;52
6-9-2010;91;199;88;42
7-9-2010;104;140;94;61
8-9-2010;121;193;99;80
9-9-2010;108;191;100;73
10-9-2010;108;193;100;82
11-9-2010;136;228;96;58
12-9-2010;119;185;98;73
13-9-2010;82;187;98;57
14-9-2010;125;170;99;94
15-9-2010;98;165;97;52
16-9-2010;85;165;99;70
17-9-2010;80;157;98;58
18-9-2010;60;155;98;64
19-9-2010;70;157;97;77
20-9-2010;122;174;99;83
21-9-2010;101;200;100;71
22-9-2010;84;221;100;57
23-9-2010;121;215;99;66
24-9-2010;122;178;99;69
25-9-2010;71;147;99;61
26-9-2010;52;127;100;79
27-9-2010;68;131;99;97
28-9-2010;80;143;99;87
29-9-2010;41;144;98;63
30-9-2010;62;122;100;94
1-10-2010;62;168;100;71
2-10-2010;119;185;99;81
3-10-2010;150;224;96;65
4-10-2010;127;226;99;64
5-10-2010;139;190;97;77
6-10-2010;121;190;99;76
7-10-2010;100;161;100;88
8-10-2010;106;159;97;84
9-10-2010;83;185;99;64
10-10-2010;60;165;96;58
11-10-2010;37;155;99;53
12-10-2010;21;138;100;66
13-10-2010;33;137;100;66
14-10-2010;28;122;98;81
15-10-2010;75;128;97;84
16-10-2010;42;106;95;64
17-10-2010;1;108;99;57
18-10-2010;-8;125;98;66
19-10-2010;60;128;99;69
20-10-2010;31;92;98;67
21-10-2010;27;112;93;60
22-10-2010;72;126;93;79
23-10-2010;53;90;96;75
24-10-2010;58;113;88;62
25-10-2010;38;109;93;58
26-10-2010;7;96;98;68
27-10-2010;66;99;99;93
28-10-2010;89;131;97;88
29-10-2010;64;131;95;68
30-10-2010;71;129;99;72
31-10-2010;36;125;100;91
1-11-2010;69;90;100;91
2-11-2010;70;127;100;87
3-11-2010;103;144;99;74
4-11-2010;140;157;93;82
5-11-2010;92;150;97;83
6-11-2010;48;114;99;78
7-11-2010;12;92;99;69
8-11-2010;14;68;95;86
9-11-2010;31;45;96;92
10-11-2010;16;77;97;76
11-11-2010;23;103;96;77
12-11-2010;93;120;97;64
13-11-2010;85;109;97;85
14-11-2010;76;128;99;81
15-11-2010;3;98;100;80
16-11-2010;-6;99;100;78
17-11-2010;2;57;99;78
18-11-2010;34;62;97;92
19-11-2010;21;79;100;89
20-11-2010;43;88;99;77
21-11-2010;26;84;99;81
22-11-2010;30;70;96;78
23-11-2010;23;69;96;71
24-11-2010;-10;59;98;78
25-11-2010;-11;24;100;94
26-11-2010;-33;41;99;67
27-11-2010;-23;13;98;80
28-11-2010;-53;-10;99;85
29-11-2010;-39;-2;99;85
30-11-2010;-48;-5;90;72
1-12-2010;-72;-48;78;56
2-12-2010;-87;-57;95;78
3-12-2010;-85;-26;94;78
4-12-2010;-57;5;99;79
5-12-2010;-4;39;99;88
6-12-2010;-21;19;100;92
7-12-2010;-35;-7;100;98
8-12-2010;-37;4;99;96
9-12-2010;-2;46;97;76
10-12-2010;-5;62;99;97
11-12-2010;45;78;97;76
12-12-2010;-34;58;93;72
13-12-2010;-50;26;97;83
14-12-2010;-47;2;93;69
15-12-2010;-26;32;98;79
16-12-2010;-43;37;99;96
17-12-2010;-62;-3;99;87
18-12-2010;-72;-26;95;89
19-12-2010;-125;-43;97;94
20-12-2010;-169;-40;98;88
21-12-2010;-166;-34;99;93
22-12-2010;-36;-21;99;91
23-12-2010;-22;1;98;86
24-12-2010;-29;-3;86;70
25-12-2010;-54;17;98;62
26-12-2010;-49;26;99;88
27-12-2010;-9;23;99;82
28-12-2010;-3;10;88;78
29-12-2010;-62;3;94;85
30-12-2010;-75;9;99;92
31-12-2010;7;35;100;94
1-1-2011;5;52;99;83
2-1-2011;-1;35;97;85
3-1-2011;-31;31;99;90
4-1-2011;-8;24;99;75
5-1-2011;-12;23;94;72
6-1-2011;17;47;100;97
7-1-2011;-3;89;100;93
8-1-2011;23;118;97;79
9-1-2011;0;62;98;71
10-1-2011;-12;36;98;89
11-1-2011;-4;57;99;85
12-1-2011;12;79;99;86
13-1-2011;73;105;100;94
14-1-2011;77;106;99;90
15-1-2011;58;97;96;81
16-1-2011;80;118;90;77
17-1-2011;47;93;96;84
18-1-2011;-1;52;100;88
19-1-2011;16;66;99;91
20-1-2011;-26;47;99;74
21-1-2011;-30;44;100;89
22-1-2011;9;57;99;85
23-1-2011;16;57;100;91
24-1-2011;40;61;99;87
25-1-2011;20;60;98;77
26-1-2011;4;35;99;80
27-1-2011;-32;10;96;68
28-1-2011;-47;1;93;70
29-1-2011;-60;4;98;86
30-1-2011;-40;2;100;92
31-1-2011;-21;1;97;80
1-2-2011;-31;23;100;87
2-2-2011;21;44;100;94
3-2-2011;23;83;99;75
4-2-2011;57;102;90;80
5-2-2011;95;113;86;80
6-2-2011;84;117;86;74
7-2-2011;64;104;83;72
8-2-2011;-25;83;98;67
9-2-2011;-37;97;98;67
10-2-2011;39;100;99;81
11-2-2011;41;73;100;86
12-2-2011;14;77;99;81
13-2-2011;42;86;99;78
14-2-2011;46;72;99;85
15-2-2011;20;82;99;76
16-2-2011;6;107;97;65
17-2-2011;2;80;100;75
18-2-2011;-3;13;90;79
19-2-2011;0;27;86;79
20-2-2011;-33;18;80;60
21-2-2011;-52;15;79;46
22-2-2011;-66;21;83;47
23-2-2011;-35;30;97;58
24-2-2011;6;50;100;98
25-2-2011;42;75;100;99
26-2-2011;54;92;100;88
27-2-2011;4;56;99;91
28-2-2011;8;37;99;94
1-3-2011;7;43;97;86
2-3-2011;-10;52;94;76
3-3-2011;-29;47;98;75
4-3-2011;-33;18;100;92
5-3-2011;-13;66;98;73
6-3-2011;-23;66;90;60
7-3-2011;-38;80;90;29
8-3-2011;-51;104;85;34
9-3-2011;0;94;95;67
10-3-2011;27;107;93;73
11-3-2011;13;97;92;54
12-3-2011;9;138;91;44
13-3-2011;90;134;95;70
14-3-2011;59;123;100;87
15-3-2011;59;143;100;74
16-3-2011;47;97;95;73
17-3-2011;42;74;97;82
18-3-2011;34;106;96;57
19-3-2011;-9;94;100;26
20-3-2011;-33;116;99;39
21-3-2011;-16;142;95;41
22-3-2011;-4;153;99;49
23-3-2011;6;147;100;49
24-3-2011;-2;157;99;60
25-3-2011;31;132;99;57
26-3-2011;-6;77;95;60
27-3-2011;-30;110;90;43
28-3-2011;-30;104;99;65
29-3-2011;-36;137;100;47
30-3-2011;-1;162;97;60
31-3-2011;89;135;98;85
1-4-2011;99;150;95;81
2-4-2011;101;225;94;49
3-4-2011;65;143;99;82
4-4-2011;56;136;99;58
5-4-2011;65;128;90;66
6-4-2011;104;197;99;70
7-4-2011;40;146;99;66
8-4-2011;34;154;100;54
9-4-2011;41;136;94;52
10-4-2011;21;170;99;49
11-4-2011;48;213;99;40
12-4-2011;64;112;91;60
13-4-2011;17;125;87;51
14-4-2011;28;126;96;57
15-4-2011;14;162;100;40
16-4-2011;31;164;93;37
17-4-2011;71;170;94;52
18-4-2011;45;194;98;32
19-4-2011;53;238;80;33
20-4-2011;64;241;84;28
21-4-2011;76;248;87;30
22-4-2011;93;261;82;30
23-4-2011;90;263;86;23
24-4-2011;90;257;86;26
25-4-2011;75;237;81;25
26-4-2011;77;210;85;39
27-4-2011;83;156;90;67
28-4-2011;91;194;95;57
29-4-2011;106;226;94;38
30-4-2011;85;211;58;32
1-5-2011;58;191;66;26
2-5-2011;32;150;81;29
3-5-2011;10;139;93;32
4-5-2011;-2;133;98;54
5-5-2011;-4;182;91;34
6-5-2011;38;227;84;25
7-5-2011;100;275;64;32
8-5-2011;150;281;88;29
9-5-2011;120;191;96;72
10-5-2011;95;223;99;51
11-5-2011;95;201;99;42
12-5-2011;84;175;95;51
13-5-2011;70;180;97;51
14-5-2011;84;151;87;54
15-5-2011;91;158;88;55
16-5-2011;103;150;98;79
17-5-2011;122;150;97;76
18-5-2011;117;168;91;73
19-5-2011;63;172;96;44
20-5-2011;50;207;99;49
21-5-2011;52;217;100;42
22-5-2011;107;189;96;54
23-5-2011;85;215;96;37
24-5-2011;63;158;90;46
25-5-2011;54;216;98;30
26-5-2011;113;193;95;45
27-5-2011;76;144;94;64
28-5-2011;81;163;93;60
29-5-2011;112;211;92;53
30-5-2011;102;279;95;34
31-5-2011;75;160;96;64
1-6-2011;69;191;97;41
2-6-2011;54;211;97;46
3-6-2011;112;243;97;54
4-6-2011;126;268;94;47
5-6-2011;125;199;97;74
6-6-2011;125;196;97;81
7-6-2011;115;193;97;64
8-6-2011;98;181;97;52
9-6-2011;74;181;92;47
10-6-2011;55;196;96;44
11-6-2011;57;161;97;56
12-6-2011;53;194;98;42
13-6-2011;124;192;96;61
14-6-2011;96;200;96;54
15-6-2011;87;236;97;66
16-6-2011;123;179;94;81
17-6-2011;107;183;95;55
18-6-2011;111;179;95;64
19-6-2011;115;169;95;69
20-6-2011;110;202;97;58
21-6-2011;140;210;97;56
22-6-2011;129;170;88;63
23-6-2011;121;187;93;66
24-6-2011;92;180;94;59
25-6-2011;114;167;97;89
26-6-2011;159;248;97;61
27-6-2011;151;313;96;39
28-6-2011;198;326;94;44
29-6-2011;127;201;96;65
30-6-2011;123;191;87;55
1-7-2011;122;176;92;64
2-7-2011;117;174;87;53
3-7-2011;101;179;93;62
4-7-2011;94;190;96;66
5-7-2011;80;236;99;53
6-7-2011;125;226;91;52
7-7-2011;122;230;91;41
8-7-2011;124;219;90;46
9-7-2011;116;212;94;53
10-7-2011;103;210;99;64
11-7-2011;86;226;99;48
12-7-2011;132;226;96;61
13-7-2011;130;139;97;92
14-7-2011;133;180;97;94
15-7-2011;134;210;94;60
16-7-2011;131;212;96;65
17-7-2011;135;200;95;59
18-7-2011;136;166;94;83
19-7-2011;123;208;90;56
20-7-2011;133;212;96;53
21-7-2011;128;206;96;68
22-7-2011;113;177;94;59
23-7-2011;117;176;95;64
24-7-2011;120;139;95;91
25-7-2011;91;206;97;61
26-7-2011;131;174;97;75
27-7-2011;104;217;99;67
28-7-2011;130;245;99;59
29-7-2011;134;173;95;75
30-7-2011;134;159;91;73
31-7-2011;98;169;96;65
1-8-2011;72;217;99;54
2-8-2011;114;269;97;52
3-8-2011;143;231;96;72
4-8-2011;119;246;99;62
5-8-2011;132;223;98;68
6-8-2011;141;248;97;67
7-8-2011;126;207;96;53
8-8-2011;127;192;96;62
9-8-2011;124;175;91;65
10-8-2011;101;190;93;62
11-8-2011;150;199;96;76
12-8-2011;129;194;97;73
13-8-2011;119;196;98;82
14-8-2011;114;219;97;61
15-8-2011;100;207;98;57
16-8-2011;127;210;92;56
17-8-2011;116;209;97;59
18-8-2011;126;190;97;81
19-8-2011;90;192;97;61
20-8-2011;87;229;97;53
21-8-2011;123;271;96;71
22-8-2011;121;226;99;73
23-8-2011;149;230;98;77
24-8-2011;134;204;97;84
25-8-2011;126;242;99;62
26-8-2011;137;219;94;80
27-8-2011;110;199;94;64
28-8-2011;108;165;96;84
29-8-2011;95;152;95;68
30-8-2011;88;181;95;59
31-8-2011;78;171;97;70
1-9-2011;60;182;98;58
2-9-2011;69;247;99;59
3-9-2011;113;274;99;58
4-9-2011;158;223;96;73
5-9-2011;121;183;95;67
6-9-2011;134;169;94;75
7-9-2011;117;172;94;69
8-9-2011;121;165;97;83
9-9-2011;139;204;98;83
10-9-2011;161;257;99;71
11-9-2011;143;205;95;74
12-9-2011;139;205;92;75
13-9-2011;112;182;91;62
14-9-2011;101;167;93;72
15-9-2011;75;177;96;58
16-9-2011;54;184;97;64
17-9-2011;122;180;93;78
18-9-2011;78;147;97;77
19-9-2011;68;175;98;69
20-9-2011;112;187;94;75
21-9-2011;127;181;90;74
22-9-2011;83;172;95;55
23-9-2011;80;188;99;65
24-9-2011;78;205;99;58
25-9-2011;70;218;99;61
26-9-2011;125;227;99;60
27-9-2011;106;208;99;72
28-9-2011;90;231;100;62
29-9-2011;106;259;99;55
30-9-2011;100;253;98;48
1-10-2011;91;252;99;54
2-10-2011;91;247;100;54
3-10-2011;131;230;92;64
4-10-2011;140;197;95;74
5-10-2011;140;183;95;73
6-10-2011;82;172;95;60
7-10-2011;82;140;92;69
8-10-2011;78;130;95;71
9-10-2011;52;164;98;85
10-10-2011;159;177;96;80
11-10-2011;116;170;97;79
12-10-2011;95;123;97;87
13-10-2011;49;146;99;56
14-10-2011;37;145;98;55
15-10-2011;10;135;98;58
16-10-2011;35;140;97;55
17-10-2011;46;155;98;78
18-10-2011;63;133;92;63
19-10-2011;30;106;95;79
20-10-2011;20;103;97;77
21-10-2011;22;121;96;65
22-10-2011;25;110;91;57
23-10-2011;41;149;86;59
24-10-2011;38;124;88;60
25-10-2011;87;116;86;65
26-10-2011;83;132;93;68
27-10-2011;65;158;90;65
28-10-2011;87;141;99;86
29-10-2011;71;169;99;82
30-10-2011;117;140;96;89
31-10-2011;107;165;94;71
1-11-2011;98;168;97;77
2-11-2011;103;145;99;80
3-11-2011;109;162;92;71
4-11-2011;124;180;91;62
5-11-2011;67;165;98;71
6-11-2011;65;120;98;86
7-11-2011;86;105;96;86
8-11-2011;59;99;98;89
9-11-2011;40;112;100;86
10-11-2011;33;71;100;91
11-11-2011;30;99;89;80
12-11-2011;13;111;97;74
13-11-2011;-2;81;100;80
14-11-2011;-12;57;100;94
15-11-2011;-4;28;100;98
16-11-2011;-22;56;96;79
17-11-2011;-16;58;100;94
18-11-2011;9;124;100;82
19-11-2011;-10;97;100;88
20-11-2011;-13;26;100;99
21-11-2011;-5;25;100;99
22-11-2011;-9;38;100;98
23-11-2011;19;100;100;98
24-11-2011;61;104;98;93
25-11-2011;66;103;98;78
26-11-2011;38;106;97;83
27-11-2011;59;130;98;71
28-11-2011;10;86;98;80
29-11-2011;41;100;98;80
30-11-2011;39;100;94;79
1-12-2011;52;117;98;87
2-12-2011;39;89;98;76
3-12-2011;41;101;98;76
4-12-2011;48;86;97;75
5-12-2011;34;66;84;72
6-12-2011;18;66;97;78
7-12-2011;36;78;98;68
8-12-2011;22;103;98;72
9-12-2011;16;83;97;68
10-12-2011;7;62;97;74
11-12-2011;12;58;97;81
12-12-2011;46;77;98;74
13-12-2011;46;102;98;68
14-12-2011;29;61;97;83
15-12-2011;35;62;97;82
16-12-2011;29;48;98;89
17-12-2011;18;63;97;79
18-12-2011;-7;58;98;79
19-12-2011;-16;41;98;81
20-12-2011;4;73;98;75
21-12-2011;34;63;98;85
22-12-2011;59;97;98;97
23-12-2011;60;99;98;86
24-12-2011;40;74;93;73
25-12-2011;65;106;95;83
26-12-2011;99;126;94;84
27-12-2011;75;102;87;78
28-12-2011;58;76;93;73
29-12-2011;47;74;93;69
30-12-2011;27;71;94;76
31-12-2011;34;103;98;89
1-1-2012;96;127;97;90
2-1-2012;39;99;92;81
3-1-2012;39;104;92;66
4-1-2012;52;82;91;74
5-1-2012;23;97;88;68
6-1-2012;38;79;89;74
7-1-2012;46;90;97;78
8-1-2012;52;79;94;78
9-1-2012;56;89;97;82
10-1-2012;16;84;99;86
11-1-2012;70;88;97;89
12-1-2012;51;97;94;77
13-1-2012;40;67;86;66
14-1-2012;-1;64;96;70
15-1-2012;-23;65;97;66
16-1-2012;-39;31;95;75
17-1-2012;-46;40;97;74
18-1-2012;-30;59;98;78
19-1-2012;30;72;98;78
20-1-2012;4;55;94;74
21-1-2012;16;97;97;73
22-1-2012;50;87;91;73
23-1-2012;29;73;91;77
24-1-2012;-2;56;99;88
25-1-2012;6;49;98;82
26-1-2012;34;51;95;90
27-1-2012;5;77;96;78
28-1-2012;5;63;97;82
29-1-2012;-24;9;93;80
30-1-2012;-35;-16;89;72
31-1-2012;-69;-21;76;62
1-2-2012;-75;-17;71;31
2-2-2012;-96;-40;75;30
3-2-2012;-209;-58;99;78
4-2-2012;-229;-90;99;80
5-2-2012;-115;-45;88;51
6-2-2012;-166;-57;85;59
7-2-2012;-199;-39;86;62
8-2-2012;-121;-18;93;70
9-2-2012;-126;3;98;72
10-2-2012;-136;-33;88;52
11-2-2012;-169;-36;87;63
12-2-2012;-116;-2;99;75
13-2-2012;-2;37;99;90
14-2-2012;23;54;97;84
15-2-2012;29;61;92;78
16-2-2012;15;66;99;91
17-2-2012;28;82;97;82
18-2-2012;31;90;98;81
19-2-2012;-1;53;88;72
20-2-2012;-38;61;94;55
21-2-2012;22;92;91;73
22-2-2012;50;90;95;63
23-2-2012;63;133;96;81
24-2-2012;28;105;93;88
25-2-2012;23;83;95;76
26-2-2012;24;83;99;81
27-2-2012;17;82;99;84
28-2-2012;72;97;97;93
29-2-2012;68;96;99;95
1-3-2012;68;107;99;90
2-3-2012;42;103;99;79
3-3-2012;59;116;95;75
4-3-2012;28;115;99;66
5-3-2012;48;83;95;67
6-3-2012;16;92;90;60
7-3-2012;16;63;95;77
8-3-2012;5;88;95;69
9-3-2012;30;108;94;69
10-3-2012;76;110;95;81
11-3-2012;45;122;95;73
12-3-2012;17;116;99;81
13-3-2012;66;86;92;75
14-3-2012;18;73;84;71
15-3-2012;-7;156;96;46
16-3-2012;33;106;98;74
17-3-2012;38;124;94;64
18-3-2012;34;93;93;82
19-3-2012;-22;110;98;63
20-3-2012;16;130;92;62
21-3-2012;52;149;94;56
22-3-2012;38;176;97;59
23-3-2012;39;179;93;52
24-3-2012;43;159;95;57
25-3-2012;35;143;99;61
26-3-2012;23;151;97;53
27-3-2012;19;162;99;60
28-3-2012;10;169;99;40
29-3-2012;50;111;95;74
30-3-2012;75;105;88;78
31-3-2012;-4;91;89;53
1-4-2012;-16;94;86;59
2-4-2012;15;124;96;61
3-4-2012;4;135;96;52
4-4-2012;49;83;94;82
5-4-2012;37;82;84;66
6-4-2012;9;98;89;39
7-4-2012;14;72;91;46
8-4-2012;-4;100;92;43
9-4-2012;66;103;95;86
10-4-2012;70;115;95;73
11-4-2012;40;129;95;53
12-4-2012;38;124;99;52
13-4-2012;22;116;98;59
14-4-2012;27;114;94;55
15-4-2012;44;96;86;51
16-4-2012;-5;88;89;47
17-4-2012;-19;101;89;44
18-4-2012;45;125;90;56
19-4-2012;58;139;89;52
20-4-2012;45;129;89;66
21-4-2012;42;112;93;59
22-4-2012;50;130;93;51
23-4-2012;52;140;93;46
24-4-2012;60;125;92;63
25-4-2012;54;147;92;59
26-4-2012;92;146;87;65
27-4-2012;91;168;90;55
28-4-2012;83;112;94;87
29-4-2012;77;174;97;70
30-4-2012;42;222;99;44
1-5-2012;118;187;93;68
2-5-2012;93;207;99;66
3-5-2012;107;149;98;74
4-5-2012;61;118;91;79
5-5-2012;62;114;91;59
6-5-2012;26;124;87;54
7-5-2012;23;146;92;44
8-5-2012;96;170;96;64
9-5-2012;127;186;96;76
10-5-2012;152;212;91;77
11-5-2012;83;171;86;61
12-5-2012;35;124;82;53
13-5-2012;12;143;90;51
14-5-2012;52;165;87;35
15-5-2012;76;121;91;63
16-5-2012;22;117;87;47
17-5-2012;14;157;91;44
18-5-2012;88;187;93;49
19-5-2012;113;203;92;50
20-5-2012;109;224;91;65
21-5-2012;126;256;96;51
22-5-2012;146;281;93;45
23-5-2012;168;279;92;58
24-5-2012;163;271;90;42
25-5-2012;120;255;87;36
26-5-2012;119;256;88;29
27-5-2012;111;252;90;39
28-5-2012;131;222;93;54
29-5-2012;88;180;94;61
30-5-2012;71;206;92;58
31-5-2012;112;180;93;80
1-6-2012;82;155;86;61
2-6-2012;74;154;80;47
3-6-2012;85;99;92;74
4-6-2012;83;116;92;68
5-6-2012;77;155;75;48
6-6-2012;97;183;92;64
7-6-2012;126;199;91;64
8-6-2012;114;197;91;53
9-6-2012;106;161;86;63
10-6-2012;93;189;90;50
11-6-2012;117;210;92;57
12-6-2012;110;166;94;70
13-6-2012;62;157;88;58
14-6-2012;45;169;93;51
15-6-2012;88;184;92;75
16-6-2012;122;209;93;48
17-6-2012;98;211;94;47
18-6-2012;97;180;92;73
19-6-2012;82;200;95;50
20-6-2012;106;215;94;59
21-6-2012;135;213;94;70
22-6-2012;117;181;85;64
23-6-2012;118;194;88;50
24-6-2012;113;162;92;73
25-6-2012;118;164;88;69
26-6-2012;92;198;92;56
27-6-2012;143;219;91;74
28-6-2012;130;275;99;58
29-6-2012;151;228;87;56
30-6-2012;144;243;90;46
1-7-2012;98;191;91;59
2-7-2012;103;213;87;43
3-7-2012;144;236;89;52
4-7-2012;163;269;91;48
5-7-2012;161;271;93;58
6-7-2012;159;223;90;59
7-7-2012;132;240;88;46
8-7-2012;149;192;93;75
9-7-2012;132;205;94;75
10-7-2012;133;201;96;66
11-7-2012;121;191;92;62
12-7-2012;104;176;97;57
13-7-2012;118;208;96;64
14-7-2012;120;181;95;73
15-7-2012;92;182;94;55
16-7-2012;118;194;98;58
17-7-2012;147;191;96;78
18-7-2012;149;191;96;70
19-7-2012;124;183;96;68
20-7-2012;79;181;95;57
21-7-2012;76;174;97;52
22-7-2012;72;214;97;49
23-7-2012;116;254;92;42
24-7-2012;117;281;95;35
25-7-2012;139;273;96;46
26-7-2012;133;264;97;48
27-7-2012;134;274;95;47
28-7-2012;158;214;95;62
29-7-2012;117;200;95;50
30-7-2012;111;188;97;53
31-7-2012;98;178;97;64
1-8-2012;126;270;98;47
2-8-2012;130;214;97;61
3-8-2012;129;218;97;49
4-8-2012;141;230;96;59
5-8-2012;131;229;97;62
6-8-2012;145;213;96;68
7-8-2012;124;190;97;64
8-8-2012;124;213;97;64
9-8-2012;99;203;98;54
10-8-2012;80;209;99;46
11-8-2012;104;207;98;55
12-8-2012;113;238;90;41
13-8-2012;124;245;94;55
14-8-2012;152;258;97;55
15-8-2012;139;287;99;41
16-8-2012;135;238;94;54
17-8-2012;156;267;85;43
18-8-2012;152;317;88;37
19-8-2012;170;325;96;46
20-8-2012;152;255;97;68
21-8-2012;135;255;99;61
22-8-2012;135;215;94;58
23-8-2012;133;217;93;54
24-8-2012;131;230;96;47
25-8-2012;151;215;94;70
26-8-2012;111;199;97;76
27-8-2012;104;214;98;51
28-8-2012;128;220;96;68
29-8-2012;107;242;98;45
30-8-2012;124;211;96;53
31-8-2012;113;165;97;55
1-9-2012;67;187;95;49
2-9-2012;100;194;93;72
3-9-2012;118;217;99;62
4-9-2012;103;238;99;55
5-9-2012;105;189;96;58
6-9-2012;105;187;89;53
7-9-2012;115;217;96;67
8-9-2012;126;237;97;64
9-9-2012;102;280;99;39
10-9-2012;153;223;91;63
11-9-2012;95;179;93;61
12-9-2012;83;166;94;54
13-9-2012;102;170;97;61
14-9-2012;107;172;95;69
15-9-2012;95;183;93;67
16-9-2012;84;192;97;67
17-9-2012;136;195;93;62
18-9-2012;74;170;96;61
19-9-2012;51;146;97;67
20-9-2012;52;156;96;72
21-9-2012;97;155;91;63
22-9-2012;49;153;97;57
23-9-2012;24;137;98;62
24-9-2012;94;212;95;76
25-9-2012;108;167;92;63
26-9-2012;104;160;92;72
27-9-2012;87;162;95;67
28-9-2012;92;172;95;64
29-9-2012;82;157;95;54
30-9-2012;74;165;93;59
1-10-2012;107;180;92;62
2-10-2012;122;176;94;67
3-10-2012;105;140;92;83
4-10-2012;99;147;95;64
5-10-2012;96;165;96;71
6-10-2012;46;145;98;73
7-10-2012;38;141;98;60
8-10-2012;23;136;99;62
9-10-2012;20;135;99;52
10-10-2012;33;134;98;60
11-10-2012;24;143;99;55
12-10-2012;74;149;97;80
13-10-2012;70;112;95;86
14-10-2012;65;113;95;76
15-10-2012;70;129;97;61
16-10-2012;80;145;93;66
17-10-2012;73;149;94;81
18-10-2012;130;181;96;76
19-10-2012;132;207;97;62
20-10-2012;130;168;95;78
21-10-2012;116;140;99;91
22-10-2012;123;209;99;72
23-10-2012;112;159;96;86
24-10-2012;106;125;98;91
25-10-2012;76;129;96;69
26-10-2012;3;78;90;48
27-10-2012;-1;76;96;61
28-10-2012;-24;100;97;59
29-10-2012;50;88;96;68
30-10-2012;24;94;99;80
31-10-2012;34;120;95;67
1-11-2012;59;105;89;74
2-11-2012;44;93;91;73
3-11-2012;37;82;93;78
4-11-2012;18;82;96;80
5-11-2012;29;91;97;78
6-11-2012;3;102;97;67
7-11-2012;86;112;96;79
8-11-2012;85;109;96;83
9-11-2012;67;101;93;78
10-11-2012;77;111;98;89
11-11-2012;49;110;98;81
12-11-2012;43;84;97;86
13-11-2012;69;99;98;88
14-11-2012;16;123;99;68
15-11-2012;1;44;100;84
16-11-2012;17;47;92;81
17-11-2012;14;80;99;80
18-11-2012;-1;96;100;72
19-11-2012;-19;102;100;92
20-11-2012;61;117;96;81
21-11-2012;27;95;98;80
22-11-2012;54;108;97;73
23-11-2012;18;76;100;82
24-11-2012;-3;81;100;96
25-11-2012;80;125;95;65
26-11-2012;53;92;95;80
27-11-2012;12;86;99;83
28-11-2012;6;84;100;77
29-11-2012;15;65;97;74
30-11-2012;-23;53;99;83
1-12-2012;14;54;97;89
2-12-2012;-14;68;98;76
3-12-2012;-13;64;98;86
4-12-2012;1;64;97;74
5-12-2012;-21;43;97;72
6-12-2012;-34;14;96;81
7-12-2012;-66;11;98;80
8-12-2012;-108;13;99;86
9-12-2012;12;75;98;79
10-12-2012;7;56;90;71
11-12-2012;-11;29;95;63
12-12-2012;-7;44;98;77
13-12-2012;-27;-2;86;71
14-12-2012;-5;94;99;86
15-12-2012;68;93;94;83
16-12-2012;47;78;98;90
17-12-2012;42;75;98;95
18-12-2012;33;63;100;96
19-12-2012;41;60;100;92
20-12-2012;22;49;95;75
21-12-2012;21;43;99;94
22-12-2012;41;76;98;93
23-12-2012;69;123;98;83
24-12-2012;75;122;98;78
25-12-2012;66;98;98;80
26-12-2012;45;89;96;82
27-12-2012;42;92;97;81
28-12-2012;14;104;97;82
29-12-2012;87;115;92;72
30-12-2012;54;90;88;77
31-12-2012;87;102;93;79
1-1-2013;32;89;97;76
2-1-2013;49;83;98;82
3-1-2013;74;113;98;89
4-1-2013;81;100;98;91
5-1-2013;71;85;98;90
6-1-2013;55;96;99;90
7-1-2013;60;83;100;91
8-1-2013;61;86;98;92
9-1-2013;22;80;98;87
10-1-2013;-14;76;96;82
11-1-2013;-11;26;94;74
12-1-2013;-27;15;92;81
13-1-2013;-42;-5;93;83
14-1-2013;-73;-14;96;75
15-1-2013;-77;-24;98;70
16-1-2013;-125;-53;98;83
17-1-2013;-70;-24;97;81
18-1-2013;-28;-7;90;74
19-1-2013;-55;-25;80;71
20-1-2013;-69;-28;90;76
21-1-2013;-32;-20;91;83
22-1-2013;-98;-28;93;79
23-1-2013;-107;-37;92;76
24-1-2013;-107;-5;98;65
25-1-2013;-115;-24;99;76
26-1-2013;-38;17;97;74
27-1-2013;14;56;97;82
28-1-2013;15;72;95;80
29-1-2013;72;128;98;87
30-1-2013;68;128;97;68
31-1-2013;57;97;91;69
1-2-2013;21;70;97;80
2-2-2013;12;54;97;69
3-2-2013;20;72;96;70
4-2-2013;62;89;97;66
5-2-2013;6;63;93;70
6-2-2013;-3;54;98;82
7-2-2013;-4;43;98;83
8-2-2013;-6;35;97;76
9-2-2013;-29;11;98;80
10-2-2013;-27;3;99;65
11-2-2013;-34;-2;77;60
12-2-2013;-47;5;93;65
13-2-2013;-45;15;97;63
14-2-2013;-24;10;99;64
15-2-2013;9;60;100;91
16-2-2013;23;61;99;96
17-2-2013;-5;56;98;79
18-2-2013;-17;66;98;73
19-2-2013;-9;50;98;78
20-2-2013;-20;28;85;63
21-2-2013;-31;20;85;61
22-2-2013;-40;14;90;60
23-2-2013;-49;6;90;67
24-2-2013;-11;9;98;85
25-2-2013;7;24;97;92
26-2-2013;7;49;98;87
27-2-2013;-7;31;98;79
28-2-2013;-17;32;99;83
1-3-2013;23;47;99;71
2-3-2013;16;44;84;70
3-3-2013;-12;61;100;62
4-3-2013;-25;108;95;44
5-3-2013;10;162;78;35
6-3-2013;15;177;90;33
7-3-2013;47;101;85;61
8-3-2013;38;110;97;78
9-3-2013;5;38;98;96
10-3-2013;-18;5;98;68
11-3-2013;-35;-14;84;71
12-3-2013;-73;8;91;52
13-3-2013;-79;47;93;55
14-3-2013;-56;31;94;56
15-3-2013;-59;36;96;63
16-3-2013;10;80;93;45
17-3-2013;23;93;96;65
18-3-2013;13;100;97;61
19-3-2013;5;51;96;78
20-3-2013;-3;21;88;72
21-3-2013;-26;49;94;59
22-3-2013;-33;36;90;61
23-3-2013;-34;17;68;37
24-3-2013;-46;33;48;24
25-3-2013;-31;40;59;35
26-3-2013;-40;50;70;35
27-3-2013;-58;62;81;29
28-3-2013;-48;31;92;55
29-3-2013;-66;30;99;67
30-3-2013;-68;47;98;61
31-3-2013;-19;50;92;48
1-4-2013;-54;78;98;34
2-4-2013;-48;92;82;27
3-4-2013;-28;82;74;33
4-4-2013;-16;53;73;53
5-4-2013;-18;86;78;44
6-4-2013;-23;89;98;41
7-4-2013;-38;86;99;31
8-4-2013;-37;116;91;33
9-4-2013;-8;111;98;52
10-4-2013;9;96;98;79
11-4-2013;30;100;99;87
12-4-2013;40;139;100;78
13-4-2013;47;142;98;58
14-4-2013;107;208;95;50
15-4-2013;67;171;95;64
16-4-2013;52;177;97;51
17-4-2013;62;203;98;50
18-4-2013;80;180;84;41
19-4-2013;26;112;88;71
20-4-2013;0;122;98;45
21-4-2013;-11;136;97;44
22-4-2013;-9;155;92;48
23-4-2013;73;139;98;65
24-4-2013;58;203;95;50
25-4-2013;98;224;95;54
26-4-2013;54;109;100;77
27-4-2013;13;99;95;61
28-4-2013;1;129;98;46
29-4-2013;31;126;94;51
30-4-2013;24;127;93;59
1-5-2013;11;170;96;45
2-5-2013;44;173;85;47
3-5-2013;35;184;90;44
4-5-2013;39;174;95;46
5-5-2013;52;190;98;45
6-5-2013;45;223;96;40
7-5-2013;80;241;98;36
8-5-2013;119;221;98;52
9-5-2013;90;166;97;46
10-5-2013;100;162;94;60
11-5-2013;73;139;95;64
12-5-2013;67;127;95;63
13-5-2013;69;140;98;59
14-5-2013;54;132;97;64
15-5-2013;55;174;99;45
16-5-2013;38;122;99;75
17-5-2013;88;111;98;87
18-5-2013;83;125;95;77
19-5-2013;70;137;97;75
20-5-2013;102;127;98;94
21-5-2013;90;114;98;89
22-5-2013;26;122;93;68
23-5-2013;23;109;97;66
24-5-2013;26;139;98;49
25-5-2013;36;122;97;71
26-5-2013;78;122;94;79
27-5-2013;71;187;96;46
28-5-2013;70;215;91;33
29-5-2013;80;164;100;79
30-5-2013;99;170;99;66
31-5-2013;110;193;98;67
1-6-2013;94;121;95;76
2-6-2013;68;159;91;52
3-6-2013;84;150;83;57
4-6-2013;92;202;86;37
5-6-2013;77;213;92;46
6-6-2013;97;246;94;53
7-6-2013;95;236;97;54
8-6-2013;100;198;93;54
9-6-2013;101;168;84;61
10-6-2013;84;153;85;58
11-6-2013;84;212;87;45
12-6-2013;157;214;95;63
13-6-2013;131;185;92;63
14-6-2013;113;187;84;51
15-6-2013;109;181;82;44
16-6-2013;102;186;88;52
17-6-2013;78;235;96;48
18-6-2013;136;297;90;54
19-6-2013;173;257;97;62
20-6-2013;158;221;100;80
21-6-2013;148;186;96;84
22-6-2013;129;194;93;67
23-6-2013;122;181;96;68
24-6-2013;118;166;95;70
25-6-2013;96;165;86;56
26-6-2013;92;172;92;59
27-6-2013;108;154;92;63
28-6-2013;108;162;97;74
29-6-2013;87;164;97;55
30-6-2013;75;218;97;61
1-7-2013;111;191;96;64
2-7-2013;86;206;98;47
3-7-2013;139;188;97;81
4-7-2013;131;224;97;64
5-7-2013;122;222;94;60
6-7-2013;100;240;95;51
7-7-2013;112;235;97;59
8-7-2013;121;246;98;52
9-7-2013;97;221;98;58
10-7-2013;111;181;97;66
11-7-2013;105;173;94;63
12-7-2013;109;189;96;68
13-7-2013;119;200;98;60
14-7-2013;116;207;98;62
15-7-2013;108;245;99;41
16-7-2013;102;244;100;41
17-7-2013;133;245;100;62
18-7-2013;135;258;100;50
19-7-2013;121;255;98;53
20-7-2013;152;232;96;54
21-7-2013;132;307;96;31
22-7-2013;153;318;91;37
23-7-2013;161;318;92;44
24-7-2013;139;270;98;59
25-7-2013;127;289;97;45
26-7-2013;148;270;100;65
27-7-2013;170;256;100;73
28-7-2013;162;234;97;58
29-7-2013;156;241;87;55
30-7-2013;147;215;97;63
31-7-2013;158;226;97;56
1-8-2013;182;302;89;49
2-8-2013;175;343;93;41
3-8-2013;130;236;92;51
4-8-2013;123;252;94;48
5-8-2013;128;289;96;40
6-8-2013;132;211;95;62
7-8-2013;118;173;97;79
8-8-2013;115;202;97;62
9-8-2013;104;226;97;52
10-8-2013;99;194;98;52
11-8-2013;97;211;96;56
12-8-2013;103;200;98;54
13-8-2013;89;187;95;64
14-8-2013;76;204;97;45
15-8-2013;77;205;97;72
16-8-2013;138;262;98;50
17-8-2013;156;231;98;63
18-8-2013;135;227;97;65
19-8-2013;103;200;97;63
20-8-2013;82;215;98;49
21-8-2013;85;230;98;53
22-8-2013;100;226;100;55
23-8-2013;123;246;100;55
24-8-2013;150;253;98;50
25-8-2013;140;242;100;58
26-8-2013;110;233;93;42
27-8-2013;95;235;92;40
28-8-2013;111;232;98;56
29-8-2013;96;228;100;48
30-8-2013;102;227;98;65
31-8-2013;124;208;96;55
1-9-2013;88;177;94;58
2-9-2013;140;188;96;74
3-9-2013;137;236;99;66
4-9-2013;126;254;100;58
5-9-2013;140;313;98;32
6-9-2013;128;269;100;49
7-9-2013;124;195;99;68
8-9-2013;117;188;98;58
9-9-2013;107;179;97;62
10-9-2013;106;173;98;69
11-9-2013;110;187;98;63
12-9-2013;108;194;98;62
13-9-2013;84;195;99;65
14-9-2013;129;181;98;78
15-9-2013;94;175;95;54
16-9-2013;78;157;96;55
17-9-2013;82;140;98;72
18-9-2013;70;159;100;70
19-9-2013;60;158;97;62
20-9-2013;83;165;97;77
21-9-2013;74;178;98;67
22-9-2013;133;204;98;79
23-9-2013;119;191;100;83
24-9-2013;90;177;100;68
25-9-2013;88;172;100;71
26-9-2013;59;154;95;61
27-9-2013;37;165;98;48
28-9-2013;36;171;95;47
29-9-2013;74;167;87;51
30-9-2013;49;162;91;53
1-10-2013;35;158;93;50
2-10-2013;55;150;80;50
3-10-2013;56;170;81;43
4-10-2013;108;217;98;72
5-10-2013;83;185;99;67
6-10-2013;70;177;100;55
7-10-2013;52;183;100;66
8-10-2013;95;181;97;79
9-10-2013;61;158;97;67
10-10-2013;55;126;97;69
11-10-2013;54;101;98;91
12-10-2013;57;114;98;79
13-10-2013;72;92;93;86
14-10-2013;87;113;98;85
15-10-2013;35;116;100;84
16-10-2013;35;142;100;85
17-10-2013;64;152;98;72
18-10-2013;52;142;100;73
19-10-2013;89;161;98;75
20-10-2013;111;184;98;75
21-10-2013;119;175;95;80
22-10-2013;136;215;94;70
23-10-2013;118;183;95;73
24-10-2013;66;161;97;57
25-10-2013;92;172;92;85
26-10-2013;133;187;95;71
27-10-2013;124;155;92;67
28-10-2013;101;167;95;65
29-10-2013;71;127;91;75
30-10-2013;67;128;91;64
31-10-2013;68;126;89;71
1-11-2013;97;124;91;85
2-11-2013;87;124;97;81
3-11-2013;68;109;88;74
4-11-2013;66;115;97;73
5-11-2013;45;96;96;74
6-11-2013;69;140;97;76
7-11-2013;79;141;98;76
8-11-2013;41;107;99;80
9-11-2013;32;104;97;73
10-11-2013;40;96;96;67
11-11-2013;3;104;97;65
12-11-2013;34;88;98;75
13-11-2013;10;109;97;70
14-11-2013;52;87;98;84
15-11-2013;26;114;100;79
16-11-2013;27;83;100;95
17-11-2013;58;85;98;90
18-11-2013;25;68;97;86
19-11-2013;9;85;98;75
20-11-2013;-14;56;96;64
21-11-2013;-7;51;95;79
22-11-2013;1;59;93;83
23-11-2013;17;77;94;75
24-11-2013;42;79;97;71
25-11-2013;28;77;95;76
26-11-2013;26;71;98;86
27-11-2013;17;84;100;87
28-11-2013;62;100;98;69
29-11-2013;50;88;95;74
30-11-2013;35;93;95;72
1-12-2013;23;89;97;84
2-12-2013;-7;84;98;75
3-12-2013;-25;45;99;90
4-12-2013;18;79;98;83
5-12-2013;15;83;94;65
6-12-2013;14;52;89;58
7-12-2013;28;72;96;80
8-12-2013;50;95;96;84
9-12-2013;66;104;97;84
10-12-2013;2;88;98;79
11-12-2013;-10;38;100;94
12-12-2013;7;53;100;81
13-12-2013;-1;47;100;84
14-12-2013;26;85;98;76
15-12-2013;61;89;91;74
16-12-2013;78;121;86;63
17-12-2013;46;98;97;79
18-12-2013;51;87;90;81
19-12-2013;29;92;94;74
20-12-2013;32;79;95;78
21-12-2013;59;74;94;77
22-12-2013;55;102;91;78
23-12-2013;42;106;92;80
24-12-2013;72;114;93;71
25-12-2013;22;82;97;78
26-12-2013;16;64;96;88
27-12-2013;27;93;95;76
28-12-2013;31;85;95;83
29-12-2013;29;77;97;78
30-12-2013;18;71;93;74
31-12-2013;52;84;89;70
1-1-2014;47;89;92;73
2-1-2014;59;104;95;81
3-1-2014;59;114;93;77
4-1-2014;56;93;92;75
5-1-2014;34;78;94;80
6-1-2014;61;138;95;78
7-1-2014;91;115;87;74
8-1-2014;53;98;97;86
9-1-2014;61;117;95;74
10-1-2014;32;88;93;81
11-1-2014;27;74;95;78
12-1-2014;-12;64;98;82
13-1-2014;17;90;95;82
14-1-2014;24;83;96;81
15-1-2014;25;61;97;86
16-1-2014;54;87;97;89
17-1-2014;56;87;97;77
18-1-2014;27;92;96;77
19-1-2014;29;75;92;77
20-1-2014;16;56;97;87
21-1-2014;15;43;99;94
22-1-2014;19;48;98;80
23-1-2014;12;46;100;87
24-1-2014;6;52;98;89
25-1-2014;7;58;96;76
26-1-2014;24;63;96;78
27-1-2014;21;57;91;79
28-1-2014;16;72;87;66
29-1-2014;-26;18;90;81
30-1-2014;-34;21;90;77
31-1-2014;-29;62;92;74
1-2-2014;40;81;93;74
2-2-2014;28;78;90;76
3-2-2014;-4;76;96;69
4-2-2014;26;93;88;70
5-2-2014;29;99;87;70
6-2-2014;59;98;93;74
7-2-2014;41;99;97;82
8-2-2014;40;87;90;74
9-2-2014;38;71;85;71
10-2-2014;14;74;96;76
11-2-2014;30;78;97;62
12-2-2014;26;89;94;63
13-2-2014;20;73;95;79
14-2-2014;20;94;93;76
15-2-2014;53;125;87;60
16-2-2014;0;89;92;64
17-2-2014;2;97;96;78
18-2-2014;44;84;87;75
19-2-2014;56;99;97;73
20-2-2014;51;99;97;84
21-2-2014;46;95;95;65
22-2-2014;41;99;91;74
23-2-2014;35;111;91;72
24-2-2014;34;121;88;62
25-2-2014;60;112;91;71
26-2-2014;25;108;97;73
27-2-2014;26;84;95;69
28-2-2014;26;80;98;69
1-3-2014;30;79;98;74
2-3-2014;27;97;98;59
3-3-2014;-3;82;96;70
4-3-2014;-9;111;98;66
5-3-2014;9;115;100;54
6-3-2014;6;127;95;61
7-3-2014;20;118;99;63
8-3-2014;-15;157;100;59
9-3-2014;45;188;81;43
10-3-2014;27;157;96;57
11-3-2014;40;141;95;55
12-3-2014;11;159;93;56
13-3-2014;1;150;100;57
14-3-2014;11;111;100;72
15-3-2014;78;115;85;67
16-3-2014;93;120;87;72
17-3-2014;79;115;89;75
18-3-2014;75;109;93;70
19-3-2014;72;140;89;57
20-3-2014;61;202;93;34
21-3-2014;43;110;98;66
22-3-2014;32;103;89;60
23-3-2014;1;102;97;65
24-3-2014;0;96;98;54
25-3-2014;-22;110;100;47
26-3-2014;1;95;98;50
27-3-2014;15;133;90;50
28-3-2014;33;162;91;50
29-3-2014;26;190;96;38
30-3-2014;27;195;95;44
31-3-2014;73;189;97;51
1-4-2014;51;194;98;48
2-4-2014;41;192;100;58
3-4-2014;61;208;97;53
4-4-2014;108;137;96;84
5-4-2014;76;172;97;58
6-4-2014;67;163;95;82
7-4-2014;115;207;97;58
8-4-2014;72;133;94;63
9-4-2014;41;136;96;65
10-4-2014;66;143;97;73
11-4-2014;48;150;100;59
12-4-2014;28;149;100;50
13-4-2014;76;124;92;63
14-4-2014;61;112;81;64
15-4-2014;22;100;92;58
16-4-2014;-5;148;98;40
17-4-2014;42;170;93;42
18-4-2014;62;116;87;61
19-4-2014;50;160;95;51
20-4-2014;91;211;87;46
21-4-2014;78;138;95;83
22-4-2014;76;174;97;57
23-4-2014;53;195;98;56
24-4-2014;60;209;100;59
25-4-2014;120;218;98;64
26-4-2014;91;180;99;54
27-4-2014;95;135;98;79
28-4-2014;82;148;98;77
29-4-2014;123;160;98;79
30-4-2014;111;184;98;67
1-5-2014;102;166;97;77
2-5-2014;61;126;95;63
3-5-2014;27;130;92;49
4-5-2014;26;130;93;51
5-5-2014;40;191;88;37
6-5-2014;103;183;93;58
7-5-2014;94;164;95;57
8-5-2014;112;143;98;67
9-5-2014;78;154;95;64
10-5-2014;80;147;98;63
11-5-2014;94;121;94;82
12-5-2014;50;147;98;70
13-5-2014;49;137;98;54
14-5-2014;76;131;87;59
15-5-2014;53;144;95;58
16-5-2014;24;171;98;46
17-5-2014;54;195;100;50
18-5-2014;74;222;98;40
19-5-2014;91;245;97;41
20-5-2014;113;270;97;38
21-5-2014;129;223;98;60
22-5-2014;150;224;85;40
23-5-2014;106;202;95;46
24-5-2014;100;201;97;49
25-5-2014;102;210;95;55
26-5-2014;115;219;97;56
27-5-2014;140;194;98;77
28-5-2014;105;148;98;91
29-5-2014;49;125;97;74
30-5-2014;46;169;100;57
31-5-2014;46;181;100;47
1-6-2014;76;176;95;56
2-6-2014;61;195;98;56
3-6-2014;73;203;98;56
4-6-2014;120;191;98;69
5-6-2014;84;171;95;62
6-6-2014;77;216;92;50
7-6-2014;103;276;93;55
8-6-2014;150;234;98;60
9-6-2014;158;268;96;62
10-6-2014;146;254;94;67
11-6-2014;107;210;97;49
12-6-2014;87;219;97;45
13-6-2014;105;212;97;58
14-6-2014;135;188;85;59
15-6-2014;108;198;92;58
16-6-2014;126;177;96;66
17-6-2014;104;194;92;69
18-6-2014;104;195;97;58
19-6-2014;129;171;97;67
20-6-2014;111;176;91;53
21-6-2014;105;201;93;56
22-6-2014;89;194;95;61
23-6-2014;74;198;97;52
24-6-2014;106;206;95;60
25-6-2014;86;190;95;46
26-6-2014;106;211;97;47
27-6-2014;121;212;90;61
28-6-2014;139;212;95;54
29-6-2014;123;190;98;53
30-6-2014;87;175;96;56
1-7-2014;72;183;96;59
2-7-2014;106;198;95;53
3-7-2014;102;251;95;39
4-7-2014;123;287;84;38
5-7-2014;173;220;93;63
6-7-2014;143;245;97;62
7-7-2014;125;224;96;55
8-7-2014;137;175;96;67
9-7-2014;137;185;98;78
10-7-2014;147;264;99;70
11-7-2014;151;258;98;72
12-7-2014;134;254;97;45
13-7-2014;150;231;94;67
14-7-2014;136;218;98;69
15-7-2014;133;217;97;73
16-7-2014;133;257;98;54
17-7-2014;138;270;98;48
18-7-2014;158;309;96;46
19-7-2014;178;337;92;30
20-7-2014;199;256;97;64
21-7-2014;189;207;97;91
22-7-2014;176;280;96;48
23-7-2014;170;288;92;42
24-7-2014;145;265;90;48
25-7-2014;163;198;98;81
26-7-2014;172;249;98;65
27-7-2014;175;254;98;59
28-7-2014;157;220;98;76
29-7-2014;174;259;98;68
30-7-2014;124;229;97;63
31-7-2014;120;248;98;54
1-8-2014;124;260;100;52
2-8-2014;158;290;98;51
3-8-2014;140;253;98;51
4-8-2014;129;233;97;51
5-8-2014;103;243;98;48
6-8-2014;142;229;98;56
7-8-2014;131;239;98;62
8-8-2014;131;235;98;65
9-8-2014;140;233;97;45
10-8-2014;142;241;95;70
11-8-2014;137;210;89;53
12-8-2014;132;201;94;53
13-8-2014;121;213;94;54
14-8-2014;129;208;98;60
15-8-2014;113;197;98;67
16-8-2014;119;185;93;67
17-8-2014;117;165;97;76
18-8-2014;85;170;97;83
19-8-2014;92;173;97;66
20-8-2014;86;174;97;58
21-8-2014;74;176;97;60
22-8-2014;87;164;98;74
23-8-2014;75;170;98;69
24-8-2014;69;181;98;54
25-8-2014;94;170;98;60
26-8-2014;77;181;98;64
27-8-2014;54;213;100;47
28-8-2014;97;217;97;69
29-8-2014;137;212;97;56
30-8-2014;133;199;96;62
31-8-2014;102;193;98;68
1-9-2014;79;206;100;58
2-9-2014;90;202;100;66
3-9-2014;99;220;100;49
4-9-2014;112;244;97;56
5-9-2014;124;229;98;67
6-9-2014;135;197;98;81
7-9-2014;117;216;98;64
8-9-2014;81;198;100;53
9-9-2014;139;175;83;61
10-9-2014;120;182;93;57
11-9-2014;110;215;97;51
12-9-2014;88;222;100;55
13-9-2014;134;221;100;57
14-9-2014;109;207;98;62
15-9-2014;102;228;100;65
16-9-2014;146;247;98;58
17-9-2014;118;251;98;52
18-9-2014;119;259;98;51
19-9-2014;125;238;100;67
20-9-2014;131;227;100;72
21-9-2014;141;183;93;59
22-9-2014;126;169;77;56
23-9-2014;64;177;97;61
24-9-2014;114;153;97;80
25-9-2014;117;172;90;59
26-9-2014;106;194;99;79
27-9-2014;85;211;100;53
28-9-2014;91;215;98;60
29-9-2014;116;200;98;77
30-9-2014;112;196;98;76
1-10-2014;108;206;99;72
2-10-2014;122;172;98;84
3-10-2014;111;220;100;47
4-10-2014;126;214;92;53
5-10-2014;123;148;92;68
6-10-2014;126;155;95;78
7-10-2014;91;155;96;65
8-10-2014;85;161;94;82
9-10-2014;120;179;92;64
10-10-2014;94;178;97;67
11-10-2014;77;161;99;77
12-10-2014;83;162;98;76
13-10-2014;116;182;98;67
14-10-2014;98;135;96;82
15-10-2014;101;168;98;73
16-10-2014;119;176;98;80
17-10-2014;98;183;98;78
18-10-2014;128;214;96;75
19-10-2014;143;204;96;74
20-10-2014;127;170;96;70
21-10-2014;86;130;96;73
22-10-2014;67;127;94;68
23-10-2014;91;141;98;78
24-10-2014;111;125;97;78
25-10-2014;90;145;100;79
26-10-2014;90;149;93;74
27-10-2014;96;163;97;67
28-10-2014;76;136;98;74
29-10-2014;86;126;98;90
30-10-2014;104;145;100;94
31-10-2014;99;170;98;80
1-11-2014;105;182;95;71
2-11-2014;125;169;96;66
3-11-2014;95;151;94;67
4-11-2014;56;107;100;86
5-11-2014;36;90;100;93
6-11-2014;45;80;100;86
7-11-2014;45;96;93;72
8-11-2014;79;125;91;75
9-11-2014;76;133;93;71
10-11-2014;63;126;98;70
11-11-2014;51;128;98;77
12-11-2014;50;119;100;83
13-11-2014;24;136;100;72
14-11-2014;66;120;98;80
15-11-2014;76;111;98;92
16-11-2014;70;95;100;97
17-11-2014;73;117;98;81
18-11-2014;68;81;98;91
19-11-2014;67;79;98;91
20-11-2014;62;79;97;86
21-11-2014;18;81;95;76
22-11-2014;41;114;94;80
23-11-2014;84;138;98;81
24-11-2014;22;109;100;73
25-11-2014;-5;80;100;89
26-11-2014;27;56;97;81
27-11-2014;53;85;97;84
28-11-2014;20;72;97;83
29-11-2014;13;42;94;84
30-11-2014;11;28;98;93
1-12-2014;-1;15;97;87
2-12-2014;-3;7;93;87
3-12-2014;-33;7;94;82
4-12-2014;-25;8;96;87
5-12-2014;2;45;98;86
6-12-2014;-12;80;100;81
7-12-2014;-11;63;98;78
8-12-2014;7;55;98;87
9-12-2014;-20;50;100;77
10-12-2014;37;80;96;69
11-12-2014;44;71;95;67
12-12-2014;17;89;94;83
13-12-2014;12;64;100;86
14-12-2014;1;49;100;81
15-12-2014;33;76;98;89
16-12-2014;13;74;98;84
17-12-2014;32;101;98;90
18-12-2014;98;125;98;88
19-12-2014;70;122;97;73
20-12-2014;45;88;91;75
21-12-2014;43;108;97;80
22-12-2014;106;129;90;81
23-12-2014;96;122;88;72
24-12-2014;53;102;98;73
25-12-2014;16;74;92;66
26-12-2014;-12;49;98;85
27-12-2014;-16;30;98;69
28-12-2014;-30;30;92;72
29-12-2014;12;59;97;78
30-12-2014;32;60;98;76
31-12-2014;17;76;98;79
1-1-2015;7;43;94;77
2-1-2015;43;100;98;67
3-1-2015;30;56;97;76
4-1-2015;-13;69;97;74
5-1-2015;0;35;98;91
6-1-2015;16;57;98;73
7-1-2015;0;65;98;84
8-1-2015;37;81;98;88
9-1-2015;50;134;98;64
10-1-2015;50;131;95;62
11-1-2015;44;76;84;71
12-1-2015;66;95;97;78
13-1-2015;54;105;97;83
14-1-2015;20;55;93;75
15-1-2015;47;99;95;77
16-1-2015;17;79;97;76
17-1-2015;-14;56;93;74
18-1-2015;8;33;98;86
19-1-2015;-7;12;100;96
20-1-2015;-11;32;98;85
21-1-2015;-20;12;95;80
22-1-2015;-38;2;95;83
23-1-2015;-64;-18;100;90
24-1-2015;-19;50;99;78
25-1-2015;1;47;98;93
26-1-2015;32;75;100;84
27-1-2015;12;73;98;85
28-1-2015;28;68;98;70
29-1-2015;2;41;98;69
30-1-2015;-8;51;98;77
31-1-2015;-19;44;98;85
1-2-2015;-14;47;100;87
2-2-2015;-6;56;97;77
3-2-2015;-32;59;98;68
4-2-2015;-27;44;98;83
5-2-2015;-49;13;100;76
6-2-2015;-27;19;95;68
7-2-2015;-49;52;98;84
8-2-2015;34;67;93;65
9-2-2015;42;71;98;88
10-2-2015;44;69;97;82
11-2-2015;28;51;90;83
12-2-2015;3;40;98;85
13-2-2015;0;99;98;65
14-2-2015;36;103;93;72
15-2-2015;-27;47;97;81
16-2-2015;-52;81;100;68
17-2-2015;-22;76;100;76
18-2-2015;-35;85;100;51
19-2-2015;-8;73;96;70
20-2-2015;30;63;98;86
21-2-2015;-9;50;98;86
22-2-2015;-13;73;98;67
23-2-2015;23;93;96;62
24-2-2015;17;83;93;75
25-2-2015;0;82;98;83
26-2-2015;38;80;98;90
27-2-2015;-5;76;94;67
28-2-2015;-10;90;96;60
1-3-2015;48;99;97;65
2-3-2015;24;82;91;66
3-3-2015;11;64;94;79
4-3-2015;6;75;97;76
5-3-2015;-5;95;98;66
6-3-2015;35;92;92;64
7-3-2015;41;135;89;52
8-3-2015;40;152;98;54
9-3-2015;32;105;100;77
10-3-2015;7;102;99;60
11-3-2015;-37;96;100;55
12-3-2015;-18;123;93;45
13-3-2015;-10;77;92;58
14-3-2015;-7;55;94;79
15-3-2015;39;71;91;73
16-3-2015;8;124;97;56
17-3-2015;-8;163;98;49
18-3-2015;11;85;100;88
19-3-2015;26;122;98;66
20-3-2015;19;73;98;71
21-3-2015;35;93;97;73
22-3-2015;-7;84;92;54
23-3-2015;-22;92;95;64
24-3-2015;-12;120;97;52
25-3-2015;49;68;98;86
26-3-2015;9;74;96;70
27-3-2015;9;91;97;73
28-3-2015;2;109;97;72
29-3-2015;66;112;96;76
30-3-2015;49;91;95;60
31-3-2015;41;109;98;58
1-4-2015;39;86;89;59
2-4-2015;32;82;91;60
3-4-2015;14;104;94;51
4-4-2015;27;90;88;58
5-4-2015;-1;103;96;38
6-4-2015;30;124;98;68
7-4-2015;19;116;98;68
8-4-2015;49;135;100;68
9-4-2015;22;166;100;60
10-4-2015;24;188;100;48
11-4-2015;32;136;92;68
12-4-2015;25;146;94;46
13-4-2015;19;121;97;55
14-4-2015;42;190;91;45
15-4-2015;59;207;95;44
16-4-2015;67;132;95;46
17-4-2015;49;125;90;51
18-4-2015;23;145;96;48
19-4-2015;9;145;94;49
20-4-2015;28;162;94;50
21-4-2015;26;148;99;50
22-4-2015;18;120;98;68
23-4-2015;43;135;96;61
24-4-2015;22;195;100;38
25-4-2015;84;146;95;79
26-4-2015;71;113;98;82
27-4-2015;11;121;86;49
28-4-2015;-17;119;91;47
29-4-2015;18;142;94;45
30-4-2015;41;142;97;41
1-5-2015;42;125;89;53
2-5-2015;11;147;97;44
3-5-2015;46;167;96;62
4-5-2015;106;195;93;52
5-5-2015;86;219;97;57
6-5-2015;82;154;85;66
7-5-2015;81;151;97;56
8-5-2015;82;193;97;42
9-5-2015;90;151;95;64
10-5-2015;52;181;95;53
11-5-2015;109;250;80;44
12-5-2015;84;174;95;53
13-5-2015;63;167;97;56
14-5-2015;62;153;86;52
15-5-2015;33;131;91;58
16-5-2015;38;142;97;54
17-5-2015;58;158;88;46
18-5-2015;71;131;93;69
19-5-2015;65;136;95;66
20-5-2015;58;148;94;60
21-5-2015;69;167;90;57
22-5-2015;104;196;86;60
23-5-2015;51;156;96;58
24-5-2015;27;192;98;38
25-5-2015;95;148;97;60
26-5-2015;82;147;89;56
27-5-2015;47;180;95;56
28-5-2015;59;157;93;54
29-5-2015;66;167;94;57
30-5-2015;65;150;97;53
31-5-2015;69;167;97;74
1-6-2015;56;169;92;48
2-6-2015;111;168;94;66
3-6-2015;75;180;97;54
4-6-2015;56;223;99;38
5-6-2015;105;325;96;33
6-6-2015;86;186;92;37
7-6-2015;77;189;96;44
8-6-2015;69;171;93;52
9-6-2015;72;157;90;52
10-6-2015;92;220;93;36
11-6-2015;92;241;91;35
12-6-2015;112;271;94;35
13-6-2015;139;216;95;57
14-6-2015;111;156;97;82
15-6-2015;68;168;91;47
16-6-2015;59;172;95;52
17-6-2015;65;227;98;49
18-6-2015;120;163;97;62
19-6-2015;112;159;90;68
20-6-2015;101;151;92;65
21-6-2015;120;191;96;73
22-6-2015;106;163;95;63
23-6-2015;97;138;95;77
24-6-2015;118;210;94;55
25-6-2015;116;233;91;49
26-6-2015;141;242;96;38
27-6-2015;113;210;96;62
28-6-2015;98;217;98;59
29-6-2015;120;230;96;56
30-6-2015;109;266;97;40
1-7-2015;141;322;86;35
2-7-2015;196;338;96;44
3-7-2015;177;271;98;63
4-7-2015;178;320;95;49
5-7-2015;148;284;94;60
6-7-2015;129;228;97;49
7-7-2015;124;254;95;50
8-7-2015;131;190;94;69
9-7-2015;73;178;91;51
10-7-2015;70;224;95;46
11-7-2015;130;282;89;37
12-7-2015;153;201;96;66
13-7-2015;162;204;98;72
14-7-2015;136;209;98;75
15-7-2015;141;208;98;83
16-7-2015;127;234;97;59
17-7-2015;169;255;94;63
18-7-2015;126;214;97;48
19-7-2015;109;205;98;57
20-7-2015;93;223;98;68
21-7-2015;146;245;98;47
22-7-2015;137;226;93;51
23-7-2015;144;210;87;49
24-7-2015;131;237;94;52
25-7-2015;126;193;98;76
26-7-2015;80;208;97;54
27-7-2015;137;192;98;79
28-7-2015;129;184;97;62
29-7-2015;113;171;97;65
30-7-2015;100;180;95;57
31-7-2015;86;183;92;45
1-8-2015;70;210;94;42
2-8-2015;94;244;96;42
3-8-2015;118;309;96;41
4-8-2015;121;205;96;54
5-8-2015;109;250;92;44
6-8-2015;130;289;97;51
7-8-2015;124;259;98;60
8-8-2015;113;217;96;57
9-8-2015;92;246;98;42
10-8-2015;154;248;98;55
11-8-2015;143;244;99;64
12-8-2015;148;224;95;60
13-8-2015;144;275;96;60
14-8-2015;176;250;99;66
15-8-2015;162;222;99;83
16-8-2015;134;165;98;90
17-8-2015;134;163;98;89
18-8-2015;133;173;98;80
19-8-2015;116;218;98;58
20-8-2015;103;246;98;47
21-8-2015;132;251;98;58
22-8-2015;133;260;93;45
23-8-2015;145;257;97;40
24-8-2015;150;228;98;67
25-8-2015;142;194;96;57
26-8-2015;157;237;98;68
27-8-2015;134;185;97;83
28-8-2015;103;200;98;61
29-8-2015;105;227;97;56
30-8-2015;137;245;98;75
31-8-2015;176;263;98;70
1-9-2015;108;185;97;70
2-9-2015;82;175;96;61
3-9-2015;78;169;98;68
4-9-2015;114;162;98;87
5-9-2015;111;168;97;62
6-9-2015;117;163;97;61
7-9-2015;129;176;97;75
8-9-2015;92;168;98;70
9-9-2015;83;183;99;63
10-9-2015;83;190;96;58
11-9-2015;80;191;98;59
12-9-2015;89;203;98;68
13-9-2015;134;187;98;60
14-9-2015;113;201;97;71
15-9-2015;97;163;89;64
16-9-2015;113;190;98;82
17-9-2015;114;165;98;85
18-9-2015;94;178;98;72
19-9-2015;101;171;98;68
20-9-2015;90;177;97;76
21-9-2015;123;178;98;71
22-9-2015;77;164;98;80
23-9-2015;69;178;100;64
24-9-2015;107;150;98;88
25-9-2015;66;172;98;69
26-9-2015;45;170;99;60
27-9-2015;53;175;99;61
28-9-2015;64;170;99;61
29-9-2015;57;175;98;51
30-9-2015;60;177;93;54
1-10-2015;53;174;98;53
2-10-2015;51;181;100;49
3-10-2015;47;179;98;55
4-10-2015;57;184;100;60
5-10-2015;54;185;100;64
6-10-2015;127;176;98;84
7-10-2015;137;179;97;79
8-10-2015;89;159;99;77
9-10-2015;59;163;99;74
10-10-2015;48;141;97;63
11-10-2015;24;108;90;53
12-10-2015;5;93;90;61
13-10-2015;19;75;95;67
14-10-2015;43;79;98;87
15-10-2015;48;88;98;88
16-10-2015;64;94;98;92
17-10-2015;64;92;100;93
18-10-2015;37;108;100;95
19-10-2015;63;122;99;89
20-10-2015;51;123;98;83
21-10-2015;43;125;100;81
22-10-2015;100;146;98;73
23-10-2015;56;138;97;67
24-10-2015;100;134;94;70
25-10-2015;41;130;97;63
26-10-2015;38;154;97;70
27-10-2015;60;155;100;74
28-10-2015;48;114;100;86
29-10-2015;48;145;100;74
30-10-2015;66;149;98;72
31-10-2015;50;147;98;68
1-11-2015;36;96;100;97
2-11-2015;24;97;100;99
3-11-2015;14;152;100;67
4-11-2015;59;155;92;75
5-11-2015;113;149;97;90
6-11-2015;137;166;98;87
7-11-2015;135;182;96;83
8-11-2015;70;163;100;84
9-11-2015;119;160;94;72
10-11-2015;136;159;95;87
11-11-2015;118;137;96;84
12-11-2015;113;153;95;77
13-11-2015;79;132;94;61
14-11-2015;70;125;97;67
15-11-2015;124;148;95;81
16-11-2015;108;134;97;77
17-11-2015;103;151;98;76
18-11-2015;102;140;94;67
19-11-2015;84;131;95;71
20-11-2015;42;96;94;69
21-11-2015;8;66;94;76
22-11-2015;9;63;96;64
23-11-2015;-17;73;93;68
24-11-2015;33;60;98;77
25-11-2015;42;81;98;78
26-11-2015;8;86;97;72
27-11-2015;6;67;97;88
28-11-2015;46;81;97;70
29-11-2015;74;123;94;68
30-11-2015;62;120;96;68
1-12-2015;34;120;98;82
2-12-2015;86;115;93;76
3-12-2015;83;108;84;77
4-12-2015;77;104;95;75
5-12-2015;69;91;85;69
6-12-2015;77;118;97;77
7-12-2015;87;116;98;87
8-12-2015;81;120;97;79
9-12-2015;37;91;91;77
10-12-2015;51;76;93;75
11-12-2015;54;81;95;75
12-12-2015;29;117;95;86
13-12-2015;36;120;96;70
14-12-2015;46;104;100;84
15-12-2015;42;81;98;87
16-12-2015;80;123;98;87
17-12-2015;117;144;98;78
18-12-2015;98;130;95;80
19-12-2015;99;136;95;84
20-12-2015;109;125;92;76
21-12-2015;78;119;95;79
22-12-2015;84;138;96;77
23-12-2015;60;129;92;65
24-12-2015;64;125;95;76
25-12-2015;56;133;97;81
26-12-2015;109;140;85;81
27-12-2015;98;121;94;81
28-12-2015;66;114;95;73
29-12-2015;50;98;93;76
30-12-2015;61;91;94;76
31-12-2015;53;97;92;73
1-1-2016;14;69;100;83
2-1-2016;39;49;95;86
3-1-2016;42;77;98;79
4-1-2016;12;51;98;91
5-1-2016;-3;59;98;96
6-1-2016;-15;-2;98;94
7-1-2016;-8;72;100;72
8-1-2016;17;81;90;72
9-1-2016;7;75;98;83
10-1-2016;42;85;95;77
11-1-2016;26;65;97;85
12-1-2016;42;75;95;82
13-1-2016;10;63;94;83
14-1-2016;6;52;96;87
15-1-2016;-14;33;98;85
16-1-2016;-14;50;99;72
17-1-2016;-46;22;90;63
18-1-2016;-54;1;93;64
19-1-2016;-68;4;95;80
20-1-2016;-40;47;100;82
21-1-2016;-42;8;100;92
22-1-2016;-31;41;100;74
23-1-2016;8;86;100;92
24-1-2016;48;99;100;91
25-1-2016;85;139;100;68
26-1-2016;58;108;98;73
27-1-2016;83;119;96;84
28-1-2016;39;83;84;67
29-1-2016;52;96;96;80
30-1-2016;46;95;93;69
31-1-2016;24;92;98;72
1-2-2016;87;118;98;74
2-2-2016;57;108;74;64
3-2-2016;9;66;92;71
4-2-2016;9;61;97;84
5-2-2016;43;101;98;86
6-2-2016;83;103;97;71
7-2-2016;64;106;93;68
8-2-2016;62;93;91;72
9-2-2016;19;77;91;73
10-2-2016;19;78;96;76
11-2-2016;-7;75;97;66
12-2-2016;-17;58;100;81
13-2-2016;-19;31;98;87
14-2-2016;6;26;98;89
15-2-2016;-22;55;97;70
16-2-2016;-43;62;98;62
17-2-2016;-52;34;92;70
18-2-2016;-21;26;98;78
19-2-2016;4;79;100;71
20-2-2016;48;108;97;81
21-2-2016;79;114;98;87
22-2-2016;19;112;98;73
23-2-2016;-10;74;98;73
24-2-2016;-18;66;97;74
25-2-2016;-23;56;96;72
26-2-2016;-14;35;98;78
27-2-2016;-17;60;96;55
28-2-2016;-22;66;98;68
29-2-2016;-28;65;97;61
1-3-2016;-45;76;98;75
2-3-2016;2;83;98;68
3-3-2016;0;75;98;66
4-3-2016;-10;28;98;83
5-3-2016;-34;71;99;68
6-3-2016;-15;72;98;70
7-3-2016;-8;74;100;60
8-3-2016;-11;78;98;74
9-3-2016;-4;76;89;55
10-3-2016;-22;81;97;70
11-3-2016;-29;43;100;91
12-3-2016;-39;91;97;63
13-3-2016;-26;81;91;68
14-3-2016;-19;101;94;51
15-3-2016;-22;92;100;81
16-3-2016;-10;91;93;51
17-3-2016;-31;117;95;46
18-3-2016;34;65;98;80
19-3-2016;48;73;83;72
20-3-2016;45;86;97;82
21-3-2016;56;89;96;80
22-3-2016;55;109;95;77
23-3-2016;57;99;97;68
24-3-2016;55;103;98;70
25-3-2016;5;95;100;86
26-3-2016;10;147;100;60
27-3-2016;64;125;97;61
28-3-2016;62;128;83;50
29-3-2016;39;112;95;60
30-3-2016;42;112;93;60
31-3-2016;33;116;94;62
1-4-2016;-3;137;97;43
2-4-2016;32;131;84;59
3-4-2016;113;198;97;55
4-4-2016;83;153;98;60
5-4-2016;55;132;97;74
6-4-2016;46;111;98;74
7-4-2016;43;98;92;68
8-4-2016;26;112;97;70
9-4-2016;25;150;97;47
10-4-2016;56;150;97;62
11-4-2016;70;174;75;49
12-4-2016;70;166;93;53
13-4-2016;46;151;98;60
14-4-2016;27;160;100;59
15-4-2016;85;128;97;77
16-4-2016;53;123;95;68
17-4-2016;14;109;94;58
18-4-2016;8;125;96;51
19-4-2016;44;128;89;60
20-4-2016;26;124;94;59
21-4-2016;7;154;94;36
22-4-2016;27;120;97;56
23-4-2016;26;91;89;58
24-4-2016;26;90;91;54
25-4-2016;16;92;91;64
26-4-2016;9;82;93;78
27-4-2016;17;101;94;70
28-4-2016;11;91;94;62
29-4-2016;40;109;95;55
30-4-2016;31;115;94;64
1-5-2016;13;130;97;60
2-5-2016;19;174;97;41
3-5-2016;31;129;97;56
4-5-2016;23;159;98;44
5-5-2016;59;185;76;34
6-5-2016;78;236;85;37
7-5-2016;93;261;89;32
8-5-2016;108;250;77;28
9-5-2016;131;248;73;38
10-5-2016;139;223;86;52
11-5-2016;137;259;90;38
12-5-2016;133;250;79;37
13-5-2016;86;219;83;37
14-5-2016;64;118;87;53
15-5-2016;62;126;78;50
16-5-2016;57;127;86;56
17-5-2016;76;174;89;52
18-5-2016;67;185;92;53
19-5-2016;84;189;98;63
20-5-2016;107;170;96;71
21-5-2016;96;228;95;54
22-5-2016;131;196;98;71
23-5-2016;112;136;98;80
24-5-2016;102;136;98;69
25-5-2016;102;150;98;81
26-5-2016;87;189;99;58
27-5-2016;94;208;98;56
28-5-2016;113;231;98;61
29-5-2016;125;223;97;61
30-5-2016;150;214;97;75
31-5-2016;153;236;98;50
1-6-2016;160;259;98;60
2-6-2016;135;179;97;84
3-6-2016;141;212;98;75
4-6-2016;134;274;100;51
5-6-2016;115;233;94;66
6-6-2016;108;235;97;55
7-6-2016;126;242;97;52
8-6-2016;117;183;94;67
9-6-2016;108;182;86;46
10-6-2016;106;190;92;52
11-6-2016;121;211;86;59
12-6-2016;133;222;97;58
13-6-2016;134;196;97;81
14-6-2016;125;184;96;74
15-6-2016;114;178;98;75
16-6-2016;114;211;97;53
17-6-2016;136;194;97;63
18-6-2016;117;174;95;72
19-6-2016;125;186;81;57
20-6-2016;143;170;98;76
21-6-2016;132;206;98;78
22-6-2016;139;243;98;64
23-6-2016;186;282;98;71
24-6-2016;129;224;98;68
25-6-2016;104;193;99;73
26-6-2016;103;183;98;68
27-6-2016;102;181;96;67
28-6-2016;99;210;97;59
29-6-2016;130;196;98;61
30-6-2016;137;187;97;81
1-7-2016;138;193;93;83
2-7-2016;116;180;94;58
3-7-2016;106;190;96;61
4-7-2016;99;230;96;51
5-7-2016;128;183;96;74
6-7-2016;96;185;96;60
7-7-2016;80;220;97;58
8-7-2016;127;203;97;72
9-7-2016;116;225;98;65
10-7-2016;156;259;90;61
11-7-2016;154;213;88;62
12-7-2016;131;198;98;78
13-7-2016;105;172;98;68
14-7-2016;113;178;93;62
15-7-2016;130;206;85;56
16-7-2016;150;205;96;83
17-7-2016;139;220;98;63
18-7-2016;120;243;100;48
19-7-2016;99;286;99;41
20-7-2016;158;328;91;37
21-7-2016;156;262;98;66
22-7-2016;159;249;99;66
23-7-2016;165;238;98;74
24-7-2016;153;261;100;62
25-7-2016;128;230;97;63
26-7-2016;111;237;98;49
27-7-2016;162;224;98;62
28-7-2016;140;222;99;77
29-7-2016;146;215;97;69
30-7-2016;159;220;97;60
31-7-2016;117;207;94;63
1-8-2016;120;206;93;51
2-8-2016;138;184;98;78
3-8-2016;169;224;98;75
4-8-2016;147;211;91;58
5-8-2016;132;207;98;63
6-8-2016;112;215;97;58
7-8-2016;117;224;92;74
8-8-2016;111;202;93;56
9-8-2016;114;185;95;50
10-8-2016;81;172;97;57
11-8-2016;77;166;98;83
12-8-2016;161;214;98;74
13-8-2016;144;204;98;74
14-8-2016;103;204;99;58
15-8-2016;102;208;97;59
16-8-2016;102;207;98;60
17-8-2016;105;229;99;42
18-8-2016;100;234;97;46
19-8-2016;102;248;98;48
20-8-2016;142;228;95;50
21-8-2016;144;196;97;78
22-8-2016;150;215;98;71
23-8-2016;153;267;94;46
24-8-2016;171;303;94;44
25-8-2016;159;312;96;51
26-8-2016;163;246;94;68
27-8-2016;150;257;98;53
28-8-2016;170;242;98;69
29-8-2016;104;202;97;64
30-8-2016;100;232;98;56
31-8-2016;104;246;98;50
1-9-2016;114;221;98;57
2-9-2016;114;214;97;70
3-9-2016;142;220;98;66
4-9-2016;160;210;98;70
5-9-2016;129;221;98;68
6-9-2016;116;242;100;65
7-9-2016;123;263;99;48
8-9-2016;121;263;97;53
9-9-2016;126;228;99;58
10-9-2016;126;251;91;45
11-9-2016;157;210;97;73
12-9-2016;139;291;98;42
13-9-2016;159;320;94;43
14-9-2016;158;313;92;45
15-9-2016;157;287;90;46
16-9-2016;157;215;96;63
17-9-2016;113;203;97;71
18-9-2016;127;203;96;58
19-9-2016;101;197;97;49
20-9-2016;74;194;98;44
21-9-2016;91;204;93;42
22-9-2016;76;203;96;58
23-9-2016;92;199;97;54
24-9-2016;94;231;93;46
25-9-2016;122;247;93;48
26-9-2016;85;191;98;59
27-9-2016;66;205;99;44
28-9-2016;155;218;93;58
29-9-2016;131;179;94;71
30-9-2016;106;179;94;57
1-10-2016;100;180;94;68
2-10-2016;86;151;95;81
3-10-2016;92;183;97;65
4-10-2016;92;170;97;57
5-10-2016;35;141;91;54
6-10-2016;33;129;92;64
7-10-2016;94;143;89;71
8-10-2016;42;146;97;51
9-10-2016;10;138;99;62
10-10-2016;22;127;99;51
11-10-2016;8;132;99;72
12-10-2016;75;100;90;72
13-10-2016;72;105;87;74
14-10-2016;70;127;95;66
15-10-2016;85;142;97;83
16-10-2016;78;189;90;57
17-10-2016;86;161;97;79
18-10-2016;79;131;95;82
19-10-2016;58;118;95;73
20-10-2016;37;117;97;79
21-10-2016;34;116;98;78
22-10-2016;27;107;98;69
23-10-2016;12;119;98;57
24-10-2016;30;84;94;86
25-10-2016;48;100;98;83
26-10-2016;64;122;97;73
27-10-2016;86;142;98;83
28-10-2016;78;147;95;85
29-10-2016;47;140;98;69
30-10-2016;49;140;99;76
31-10-2016;52;165;99;61
1-11-2016;53;138;98;74
2-11-2016;25;110;97;74
3-11-2016;16;112;98;79
4-11-2016;63;92;94;78
5-11-2016;34;97;99;79
6-11-2016;37;101;98;78
7-11-2016;-5;62;98;84
8-11-2016;-41;45;98;84
9-11-2016;5;42;94;91
10-11-2016;29;46;96;86
11-11-2016;-26;54;98;66
12-11-2016;-16;48;90;77
13-11-2016;-18;41;98;84
14-11-2016;-29;69;98;91
15-11-2016;68;128;99;97
16-11-2016;85;143;99;80
17-11-2016;68;111;95;76
18-11-2016;29;83;90;76
19-11-2016;32;82;90;76
20-11-2016;44;115;92;72
21-11-2016;69;137;97;76
22-11-2016;58;127;94;67
23-11-2016;32;100;98;90
24-11-2016;21;77;95;72
25-11-2016;-10;66;93;65
26-11-2016;-23;36;99;93
27-11-2016;-3;92;98;71
28-11-2016;-46;40;95;66
29-11-2016;-64;31;96;67
30-11-2016;-39;68;91;82
1-12-2016;52;93;95;82
2-12-2016;-18;86;98;77
3-12-2016;-31;76;98;81
4-12-2016;-50;21;98;85
5-12-2016;-65;28;96;69
6-12-2016;-64;43;96;80
7-12-2016;18;87;89;77
8-12-2016;60;95;96;66
9-12-2016;73;105;98;90
10-12-2016;65;95;98;88
11-12-2016;62;95;93;83
12-12-2016;18;76;98;86
13-12-2016;46;74;98;90
14-12-2016;73;89;98;91
15-12-2016;51;82;98;88
16-12-2016;6;75;97;81
17-12-2016;27;75;98;90
18-12-2016;23;86;98;83
19-12-2016;-2;74;97;80
20-12-2016;-30;11;98;92
21-12-2016;1;68;94;79
22-12-2016;39;74;96;92
23-12-2016;39;79;98;80
24-12-2016;43;95;93;74
25-12-2016;82;117;93;83
26-12-2016;61;113;91;61
27-12-2016;21;89;98;75
28-12-2016;-19;31;99;96
29-12-2016;-27;-3;98;96
30-12-2016;-56;13;98;95
31-12-2016;10;37;98;96
1-1-2017;-1;27;98;94
2-1-2017;9;60;96;72
3-1-2017;14;71;91;79
4-1-2017;22;74;89;67
5-1-2017;-52;42;97;66
6-1-2017;-61;-9;86;64
7-1-2017;-22;36;98;92
8-1-2017;26;58;98;90
9-1-2017;27;60;98;92
10-1-2017;3;68;97;90
11-1-2017;56;94;95;68
12-1-2017;0;72;98;70
13-1-2017;2;57;97;63
14-1-2017;7;49;94;62
15-1-2017;-13;43;97;81
16-1-2017;-43;2;98;91
17-1-2017;-45;-17;98;87
18-1-2017;-53;-18;98;91
19-1-2017;-44;20;95;74
20-1-2017;-55;23;93;63
21-1-2017;-47;43;96;76
22-1-2017;-67;26;98;71
23-1-2017;-15;28;96;86
24-1-2017;-5;15;98;97
25-1-2017;-33;13;98;74
26-1-2017;-43;8;86;69
27-1-2017;-44;47;83;67
28-1-2017;17;73;91;55
29-1-2017;34;61;93;84
30-1-2017;28;68;98;84
31-1-2017;27;41;90;80
1-2-2017;5;54;92;75
2-2-2017;53;123;93;74
3-2-2017;47;113;91;78
4-2-2017;32;76;97;83
5-2-2017;15;68;98;82
6-2-2017;16;55;98;83
7-2-2017;-4;29;96;86
8-2-2017;-15;-3;95;83
9-2-2017;-44;-14;86;80
10-2-2017;-44;-17;87;81
11-2-2017;-18;4;98;81
12-2-2017;-17;15;91;75
13-2-2017;-29;45;88;66
14-2-2017;-11;83;93;55
15-2-2017;-19;140;93;55
16-2-2017;38;99;97;77
17-2-2017;49;74;98;86
18-2-2017;12;97;98;73
19-2-2017;31;88;95;85
20-2-2017;69;106;96;87
21-2-2017;55;101;95;71
22-2-2017;72;105;94;85
23-2-2017;39;108;95;70
24-2-2017;-11;76;96;61
25-2-2017;-11;82;94;73
26-2-2017;66;103;94;79
27-2-2017;51;107;93;69
28-2-2017;23;68;93;74
1-3-2017;25;93;97;66
2-3-2017;26;76;95;77
3-3-2017;5;91;93;64
4-3-2017;63;139;93;68
5-3-2017;49;109;93;56
6-3-2017;27;95;95;69
7-3-2017;22;79;95;78
8-3-2017;12;94;98;86
9-3-2017;11;117;98;69
10-3-2017;-2;112;98;48
11-3-2017;-2;125;98;50
12-3-2017;16;142;90;43
13-3-2017;-3;112;95;75
14-3-2017;29;145;94;69
15-3-2017;24;120;95;52
16-3-2017;12;164;91;55
17-3-2017;66;98;93;57
18-3-2017;63;107;98;84
19-3-2017;86;126;97;75
20-3-2017;82;110;95;83
21-3-2017;23;92;94;52
22-3-2017;3;125;86;41
23-3-2017;3;130;91;57
24-3-2017;28;133;90;50
25-3-2017;0;137;91;32
26-3-2017;20;114;95;72
27-3-2017;7;178;95;29
28-3-2017;17;188;89;36
29-3-2017;85;139;94;75
30-3-2017;103;211;85;48
31-3-2017;100;223;90;47
1-4-2017;42;133;98;75
2-4-2017;33;155;98;62
3-4-2017;38;136;98;67
4-4-2017;18;162;98;48
5-4-2017;61;122;96;66
6-4-2017;35;111;90;58
7-4-2017;75;145;86;61
8-4-2017;37;147;94;54
9-4-2017;13;210;98;34
10-4-2017;63;143;82;57
11-4-2017;56;140;83;50
12-4-2017;75;113;93;70
13-4-2017;21;126;94;57
14-4-2017;21;132;94;50
15-4-2017;54;116;94;61
16-4-2017;44;112;89;65
17-4-2017;39;103;94;50
18-4-2017;-1;106;91;54
19-4-2017;-5;90;88;46
20-4-2017;-25;122;92;45
21-4-2017;70;151;93;68
22-4-2017;48;103;87;54
23-4-2017;26;106;86;58
24-4-2017;28;130;93;69
25-4-2017;18;93;92;45
26-4-2017;-4;108;98;51
27-4-2017;11;113;93;50
28-4-2017;52;116;95;61
29-4-2017;8;130;93;46
30-4-2017;22;190;83;33
1-5-2017;88;124;98;49
2-5-2017;78;150;98;58
3-5-2017;78;150;93;64
4-5-2017;72;132;84;70
5-5-2017;72;110;90;72
6-5-2017;66;187;95;49
7-5-2017;87;159;91;58
8-5-2017;44;152;89;50
9-5-2017;27;133;87;39
10-5-2017;42;141;85;50
11-5-2017;32;241;88;33
12-5-2017;123;200;94;60
13-5-2017;96;191;94;70
14-5-2017;83;214;94;45
15-5-2017;66;210;93;42
16-5-2017;164;262;84;48
17-5-2017;157;290;90;33
18-5-2017;142;214;93;56
19-5-2017;94;161;94;67
20-5-2017;78;171;96;56
21-5-2017;70;192;90;52
22-5-2017;84;249;94;30
23-5-2017;109;201;85;49
24-5-2017;93;213;92;52
25-5-2017;88;216;98;61
26-5-2017;108;272;91;38
27-5-2017;145;311;84;27
28-5-2017;156;252;87;45
29-5-2017;144;292;92;52
30-5-2017;144;209;94;65
31-5-2017;95;210;96;55
1-6-2017;77;226;97;33
2-6-2017;114;255;88;42
3-6-2017;150;239;85;58
4-6-2017;97;206;91;48
5-6-2017;91;225;86;43
6-6-2017;107;182;92;53
7-6-2017;113;167;90;58
8-6-2017;118;236;95;51
9-6-2017;114;188;96;64
10-6-2017;104;232;94;53
11-6-2017;129;279;85;48
12-6-2017;144;188;79;64
13-6-2017;112;198;96;57
14-6-2017;93;238;98;43
15-6-2017;124;271;92;48
16-6-2017;117;188;89;61
17-6-2017;133;226;97;67
18-6-2017;118;264;99;54
19-6-2017;155;290;97;49
20-6-2017;136;258;89;61
21-6-2017;120;267;84;47
22-6-2017;176;295;88;44
23-6-2017;166;223;93;60
24-6-2017;160;198;97;74
25-6-2017;156;191;97;75
26-6-2017;107;200;90;47
27-6-2017;94;221;96;50
28-6-2017;152;228;98;77
29-6-2017;144;203;98;76
30-6-2017;127;202;98;75
1-7-2017;134;198;98;72
2-7-2017;100;195;96;60
3-7-2017;99;227;94;58
4-7-2017;131;217;96;46
5-7-2017;130;244;95;55
6-7-2017;128;263;98;51
7-7-2017;164;258;96;73
8-7-2017;120;227;96;64
9-7-2017;109;231;97;49
10-7-2017;139;258;93;48
11-7-2017;152;212;96;61
12-7-2017;131;181;98;56
13-7-2017;102;200;92;49
14-7-2017;98;191;96;63
15-7-2017;145;208;88;57
16-7-2017;159;218;98;81
17-7-2017;125;223;99;51
18-7-2017;111;243;96;57
19-7-2017;150;286;90;46
20-7-2017;135;251;98;63
21-7-2017;131;226;94;43
22-7-2017;157;262;95;44
23-7-2017;137;199;98;69
24-7-2017;129;197;98;66
25-7-2017;155;195;92;73
26-7-2017;157;231;96;56
27-7-2017;141;219;95;57
28-7-2017;142;216;94;54
29-7-2017;159;228;98;65
30-7-2017;131;231;98;65
31-7-2017;119;228;97;57
1-8-2017;138;226;97;55
2-8-2017;144;220;94;53
3-8-2017;155;224;92;53
4-8-2017;141;219;93;55
5-8-2017;110;206;96;53
6-8-2017;107;210;97;53
7-8-2017;103;224;95;51
8-8-2017;139;204;97;71
9-8-2017;123;213;97;57
10-8-2017;105;208;98;69
11-8-2017;139;204;94;61
12-8-2017;117;218;98;73
13-8-2017;107;209;99;56
14-8-2017;106;241;95;51
15-8-2017;142;215;97;75
16-8-2017;105;231;100;61
17-8-2017;131;193;98;79
18-8-2017;115;205;93;67
19-8-2017;123;194;98;58
20-8-2017;113;194;96;62
21-8-2017;90;212;98;59
22-8-2017;120;230;95;55
23-8-2017;105;256;95;52
24-8-2017;120;220;96;62
25-8-2017;113;223;98;56
26-8-2017;107;238;98;53
27-8-2017;112;236;98;44
28-8-2017;110;254;99;48
29-8-2017;140;283;96;51
30-8-2017;140;218;98;84
31-8-2017;101;193;97;56
1-9-2017;86;205;98;51
2-9-2017;86;195;97;55
3-9-2017;77;203;99;54
4-9-2017;92;230;97;44
5-9-2017;156;221;95;73
6-9-2017;135;185;97;66
7-9-2017;136;189;93;60
8-9-2017;125;162;97;90
9-9-2017;98;180;98;67
10-9-2017;93;179;97;69
11-9-2017;121;173;95;67
12-9-2017;119;176;94;65
13-9-2017;111;166;93;60
14-9-2017;97;153;95;68
15-9-2017;92;160;97;61
16-9-2017;98;132;97;83
17-9-2017;73;167;98;72
18-9-2017;90;165;98;68
19-9-2017;87;174;99;62
20-9-2017;100;181;96;62
21-9-2017;95;185;96;60
22-9-2017;81;184;99;69
23-9-2017;53;180;99;51
24-9-2017;77;194;99;64
25-9-2017;102;172;98;78
26-9-2017;90;166;99;77
27-9-2017;102;198;99;68
28-9-2017;134;186;99;87
29-9-2017;132;222;99;74
30-9-2017;91;158;98;85
1-10-2017;97;181;95;67
2-10-2017;131;177;96;66
3-10-2017;119;162;88;70
4-10-2017;106;150;95;65
5-10-2017;111;158;97;68
6-10-2017;99;149;91;64
7-10-2017;102;143;97;80
8-10-2017;65;142;97;63
9-10-2017;86;141;97;87
10-10-2017;119;157;98;87
11-10-2017;133;159;94;73
12-10-2017;100;150;93;64
13-10-2017;104;179;98;80
14-10-2017;115;192;99;77
15-10-2017;95;218;99;68
16-10-2017;136;233;93;69
17-10-2017;86;165;98;77
18-10-2017;92;183;98;78
19-10-2017;107;206;99;63
20-10-2017;108;171;95;75
21-10-2017;104;172;92;63
22-10-2017;97;135;97;76
23-10-2017;94;142;98;72
24-10-2017;129;165;98;91
25-10-2017;93;165;99;79
26-10-2017;114;160;99;77
27-10-2017;106;141;86;67
28-10-2017;98;147;90;75
29-10-2017;82;146;87;58
30-10-2017;69;113;93;62
31-10-2017;72;112;95;82
1-11-2017;96;133;97;75
2-11-2017;63;145;97;78
3-11-2017;74;125;96;83
4-11-2017;83;131;96;75
5-11-2017;35;108;96;67
6-11-2017;12;106;98;69
7-11-2017;-3;95;98;78
8-11-2017;21;75;98;92
9-11-2017;61;109;98;78
10-11-2017;62;105;98;66
11-11-2017;26;93;94;77
12-11-2017;26;76;96;78
13-11-2017;26;96;94;70
14-11-2017;24;93;98;82
15-11-2017;88;101;99;97
16-11-2017;65;106;98;94
17-11-2017;15;101;98;64
18-11-2017;46;97;89;71
19-11-2017;45;93;95;74
20-11-2017;50;112;98;84
21-11-2017;104;122;98;88
22-11-2017;98;126;95;61
23-11-2017;74;135;91;62
24-11-2017;38;86;98;84
25-11-2017;-2;64;98;79
26-11-2017;22;72;94;76
27-11-2017;33;92;95;76
28-11-2017;15;68;97;76
29-11-2017;-2;40;98;94
30-11-2017;-8;47;98;88
1-12-2017;-28;36;98;89
2-12-2017;-30;2;99;97
3-12-2017;2;72;98;90
4-12-2017;48;90;96;86
5-12-2017;53;85;96;78
6-12-2017;70;96;85;75
7-12-2017;45;71;95;73
8-12-2017;0;60;98;75
9-12-2017;4;49;97;77
10-12-2017;0;13;98;86
11-12-2017;-14;19;98;84
12-12-2017;-7;39;98;74
13-12-2017;4;52;98;87
14-12-2017;3;46;98;88
15-12-2017;0;38;98;91
16-12-2017;5;54;98;79
17-12-2017;-14;49;97;87
18-12-2017;9;73;99;81
19-12-2017;13;69;99;91
20-12-2017;39;82;99;97
21-12-2017;61;83;99;98
22-12-2017;28;79;99;98
23-12-2017;74;89;98;89
24-12-2017;73;92;97;89
25-12-2017;44;91;95;82
26-12-2017;44;72;92;75
27-12-2017;30;61;93;81
28-12-2017;12;52;89;73
29-12-2017;1;66;96;85
30-12-2017;39;117;96;77
31-12-2017;81;134;98;81
1-1-2018;55;84;98;75
2-1-2018;33;89;97;81
3-1-2018;59;108;95;72
4-1-2018;67;101;97;73
5-1-2018;45;77;94;76
6-1-2018;18;65;98;83
7-1-2018;-12;24;86;75
8-1-2018;-18;29;86;68
9-1-2018;-9;45;96;79
10-1-2018;23;70;98;92
11-1-2018;46;73;98;94
12-1-2018;38;49;99;89
13-1-2018;20;59;99;77
14-1-2018;11;42;89;78
15-1-2018;16;75;95;82
16-1-2018;19;67;91;73
17-1-2018;6;56;92;69
18-1-2018;0;97;97;69
19-1-2018;14;61;98;76
20-1-2018;6;35;98;91
21-1-2018;12;62;92;73
22-1-2018;21;78;98;87
23-1-2018;46;109;97;82
24-1-2018;72;140;97;76
25-1-2018;49;89;96;86
26-1-2018;34;61;99;94
27-1-2018;43;69;98;76
28-1-2018;69;112;98;82
29-1-2018;54;108;94;77
30-1-2018;15;77;97;73
31-1-2018;10;93;98;74
1-2-2018;14;60;96;77
2-2-2018;1;67;96;77
3-2-2018;-2;58;96;77
4-2-2018;0;32;89;69
5-2-2018;-15;27;90;73
6-2-2018;-38;8;93;63
7-2-2018;-51;12;90;60
8-2-2018;-18;45;89;72
9-2-2018;-10;23;91;69
10-2-2018;2;62;98;66
11-2-2018;11;64;95;70
12-2-2018;5;57;93;60
13-2-2018;-5;60;89;59
14-2-2018;-16;50;76;53
15-2-2018;-2;80;98;59
16-2-2018;-7;74;97;66
17-2-2018;-13;69;97;57
18-2-2018;-26;70;94;69
19-2-2018;-8;36;97;74
20-2-2018;-24;47;98;73
21-2-2018;-28;40;95;67
22-2-2018;-32;39;93;67
23-2-2018;-32;27;95;63
24-2-2018;-36;27;69;55
25-2-2018;-52;5;85;44
26-2-2018;-60;3;85;48
27-2-2018;-84;3;93;54
28-2-2018;-86;-50;86;53
1-3-2018;-84;-13;64;40
2-3-2018;-79;3;65;38
3-3-2018;-62;8;78;50
4-3-2018;-29;109;93;57
5-3-2018;21;126;94;56
6-3-2018;-17;111;98;67
7-3-2018;-21;88;98;81
8-3-2018;13;79;98;72
9-3-2018;17;100;96;65
10-3-2018;61;152;98;73
11-3-2018;56;134;99;79
12-3-2018;69;152;95;64
13-3-2018;42;89;97;84
14-3-2018;3;104;99;64
15-3-2018;16;104;84;56
16-3-2018;-2;61;93;72
17-3-2018;-29;-2;73;41
18-3-2018;-37;16;56;40
19-3-2018;-48;45;83;28
20-3-2018;-9;76;98;39
21-3-2018;-30;78;99;62
22-3-2018;39;93;98;77
23-3-2018;53;77;97;67
24-3-2018;18;112;94;61
25-3-2018;7;104;99;57
26-3-2018;10;105;99;59
27-3-2018;10;99;97;47
28-3-2018;29;84;99;81
29-3-2018;34;93;95;58
30-3-2018;46;135;95;47
31-3-2018;26;118;98;60
1-4-2018;29;76;97;77
2-4-2018;20;118;97;63
3-4-2018;88;169;94;62
4-4-2018;76;142;96;72
5-4-2018;13;97;94;62
6-4-2018;9;150;93;33
7-4-2018;42;213;87;43
8-4-2018;77;215;93;50
9-4-2018;81;168;97;69
10-4-2018;104;209;89;45
11-4-2018;76;189;94;56
12-4-2018;68;140;96;74
13-4-2018;46;159;99;63
14-4-2018;69;150;94;59
15-4-2018;87;172;98;73
16-4-2018;64;168;98;55
17-4-2018;56;209;86;39
18-4-2018;82;251;89;30
19-4-2018;120;296;74;24
20-4-2018;123;263;89;40
21-4-2018;88;223;96;33
22-4-2018;88;279;86;36
23-4-2018;101;166;86;50
24-4-2018;100;157;91;64
25-4-2018;85;137;93;56
26-4-2018;69;132;89;51
27-4-2018;48;151;90;41
28-4-2018;69;164;96;60
29-4-2018;38;128;99;80
30-4-2018;60;137;97;65
1-5-2018;44;119;93;55
2-5-2018;37;171;91;40
3-5-2018;56;144;90;40
4-5-2018;45;179;90;32
5-5-2018;58;224;84;32
6-5-2018;77;272;77;23
7-5-2018;105;266;84;24
8-5-2018;112;283;75;21
9-5-2018;120;276;87;23
10-5-2018;93;162;92;63
11-5-2018;60;196;95;44
12-5-2018;94;247;89;30
13-5-2018;121;173;96;71
14-5-2018;132;276;99;30
15-5-2018;135;258;82;25
16-5-2018;105;203;77;57
17-5-2018;94;141;76;60
18-5-2018;99;136;83;61
19-5-2018;70;144;99;73
20-5-2018;59;244;99;38
21-5-2018;89;268;73;29
22-5-2018;133;239;84;40
23-5-2018;149;268;86;33
24-5-2018;129;267;78;39
25-5-2018;160;240;91;58
26-5-2018;148;297;88;33
27-5-2018;156;279;76;41
28-5-2018;166;299;95;39
29-5-2018;180;319;96;38
30-5-2018;175;274;96;49
31-5-2018;176;268;98;64
1-6-2018;150;223;98;79
2-6-2018;151;200;96;80
3-6-2018;161;235;93;62
4-6-2018;155;206;94;71
5-6-2018;127;199;90;62
6-6-2018;111;280;94;40
7-6-2018;151;282;85;25
8-6-2018;171;194;93;82
9-6-2018;159;233;93;72
10-6-2018;127;212;94;69
11-6-2018;115;224;93;56
12-6-2018;130;164;91;67
13-6-2018;124;182;95;54
14-6-2018;110;200;96;51
15-6-2018;118;240;99;44
16-6-2018;139;220;92;37
17-6-2018;135;192;83;57
18-6-2018;141;190;96;71
19-6-2018;152;203;93;74
20-6-2018;144;246;97;57
21-6-2018;115;174;94;54
22-6-2018;116;158;77;60
23-6-2018;117;191;82;51
24-6-2018;104;171;95;69
25-6-2018;113;192;91;60
26-6-2018;107;196;94;63
27-6-2018;95;246;96;57
28-6-2018;131;266;98;39
29-6-2018;125;241;95;52
30-6-2018;126;272;97;21
1-7-2018;109;262;75;24
2-7-2018;105;258;85;25
3-7-2018;111;242;98;47
4-7-2018;110;229;95;53
5-7-2018;129;212;97;64
6-7-2018;129;233;86;29
7-7-2018;111;225;93;41
8-7-2018;117;224;93;48
9-7-2018;129;220;96;66
10-7-2018;140;214;93;53
11-7-2018;118;228;94;53
12-7-2018;140;223;92;64
13-7-2018;117;219;96;60
14-7-2018;117;229;96;53
15-7-2018;108;276;94;33
16-7-2018;133;288;85;29
17-7-2018;146;256;88;52
18-7-2018;132;257;95;39
19-7-2018;147;253;88;36
20-7-2018;128;257;92;42
21-7-2018;151;257;83;50
22-7-2018;153;267;92;48
23-7-2018;144;282;95;47
24-7-2018;181;307;92;43
25-7-2018;190;292;85;46
26-7-2018;181;356;94;25
27-7-2018;219;351;57;21
28-7-2018;156;281;85;42
29-7-2018;147;272;80;32
30-7-2018;183;298;90;40
31-7-2018;141;276;94;48
1-8-2018;120;264;97;42
2-8-2018;160;284;87;43
3-8-2018;165;296;90;30
4-8-2018;175;266;85;63
5-8-2018;144;240;91;48
6-8-2018;125;295;95;32
7-8-2018;159;326;92;28
8-8-2018;144;232;91;66
9-8-2018;117;235;97;55
10-8-2018;127;211;93;51
11-8-2018;117;202;96;53
12-8-2018;118;260;89;45
13-8-2018;164;227;96;68
14-8-2018;172;218;94;61
15-8-2018;166;226;90;67
16-8-2018;149;219;93;67
17-8-2018;129;218;98;52
18-8-2018;124;214;94;65
19-8-2018;174;221;95;67
20-8-2018;157;221;96;71
21-8-2018;156;252;97;61
22-8-2018;147;259;98;62
23-8-2018;136;222;96;70
24-8-2018;111;192;96;53
25-8-2018;86;177;97;62
26-8-2018;70;194;97;48
27-8-2018;127;195;97;66
28-8-2018;124;218;96;58
29-8-2018;99;199;98;67
30-8-2018;102;187;91;57
31-8-2018;92;191;98;53
1-9-2018;80;199;97;51
2-9-2018;81;221;97;49
3-9-2018;140;229;97;75
4-9-2018;168;251;99;73
5-9-2018;159;230;98;69
6-9-2018;131;193;96;79
7-9-2018;122;171;96;53
8-9-2018;111;184;91;62
9-9-2018;125;222;88;58
10-9-2018;135;190;96;66
11-9-2018;144;213;92;72
12-9-2018;112;183;98;77
13-9-2018;72;181;99;52
14-9-2018;66;194;96;56
15-9-2018;102;191;94;58
16-9-2018;110;216;90;54
17-9-2018;102;234;90;44
18-9-2018;134;240;88;55
19-9-2018;134;232;91;54
20-9-2018;160;229;86;59
21-9-2018;91;201;88;54
22-9-2018;96;151;96;78
23-9-2018;97;121;97;67
24-9-2018;78;152;95;54
25-9-2018;46;160;98;51
26-9-2018;61;181;89;64
27-9-2018;78;207;92;43
28-9-2018;56;157;93;53
29-9-2018;27;158;96;47
30-9-2018;27;163;94;60
1-10-2018;63;130;90;57
2-10-2018;76;166;97;71
3-10-2018;90;150;94;57
4-10-2018;113;174;94;74
5-10-2018;75;204;98;55
6-10-2018;61;199;98;63
7-10-2018;53;146;98;63
8-10-2018;45;163;97;61
9-10-2018;60;182;96;57
10-10-2018;53;224;97;56
11-10-2018;83;231;96;53
12-10-2018;142;225;90;55
13-10-2018;162;260;82;52
14-10-2018;116;235;89;46
15-10-2018;128;232;97;56
16-10-2018;106;236;98;50
17-10-2018;96;193;97;69
18-10-2018;64;161;97;61
19-10-2018;36;144;98;63
20-10-2018;24;159;98;64
21-10-2018;80;163;94;63
22-10-2018;39;150;92;53
